slug,title,meta_desc,og_title,og_desc,canonical_path,breadcrumb_name,ld_city,ld_area,nav_span,geo_label,h1_city,hero_p,hero_span,catalog_h2,section_sub,main_seo_h2,main_seo_p,first_geo_tags,seo_h2,seo_p1,seo_p2,seo_p3,seo_geo_tags
gatchina,–¢–æ—Ä—Ç—ã –Ω–∞ –∑–∞–∫–∞–∑ –≤ –ì–∞—Ç—á–∏–Ω–µ ‚Äî Milovi Cake | –î–æ—Å—Ç–∞–≤–∫–∞ –∏–∑ –°–ü–±,"–°–≤–∞–¥–µ–±–Ω—ã–π —Ç–æ—Ä—Ç, —Ç–æ—Ä—Ç –Ω–∞ –¥–µ–Ω—å —Ä–æ–∂–¥–µ–Ω–∏—è, –¥–µ—Ç—Å–∫–∏–π —Ç–æ—Ä—Ç –Ω–∞ –∑–∞–∫–∞–∑ –≤ –ì–∞—Ç—á–∏–Ω—É –æ—Ç —á–∞—Å—Ç–Ω–æ–≥–æ –∫–æ–Ω–¥–∏—Ç–µ—Ä–∞. –î–æ—Å—Ç–∞–≤–∫–∞ –∏–∑ –°–ü–±. –†—É—á–Ω–∞—è —Ä–∞–±–æ—Ç–∞, –Ω–∞—Ç—É—Ä–∞–ª—å–Ω—ã–µ –∏–Ω–≥—Ä–µ–¥–∏–µ–Ω—Ç—ã.",Milovi Cake ‚Äî –¢–æ—Ä—Ç—ã –Ω–∞ –∑–∞–∫–∞–∑ –≤ –ì–∞—Ç—á–∏–Ω–µ,"–ß–∞—Å—Ç–Ω—ã–π –∫–æ–Ω–¥–∏—Ç–µ—Ä ‚Äî –¥–æ—Å—Ç–∞–≤–ª—è–µ–º –∞–≤—Ç–æ—Ä—Å–∫–∏–µ —Ç–æ—Ä—Ç—ã –∏ –¥–µ—Å–µ—Ä—Ç—ã —Ä—É—á–Ω–æ–π —Ä–∞–±–æ—Ç—ã –≤ –ì–∞—Ç—á–∏–Ω—É. –ë–∏—Å–∫–≤–∏—Ç–Ω—ã–µ, –±–µ–Ω—Ç–æ, 3D-—Ç–æ—Ä—Ç—ã, –º–µ—Ä–µ–Ω–≥–æ–≤—ã–µ —Ä—É–ª–µ—Ç—ã –∏ –ü–∞–≤–ª–æ–≤–∞.",/prigorody/gatchina/,–ì–∞—Ç—á–∏–Ω–µ,–ì–∞—Ç—á–∏–Ω—É,–ì–∞—Ç—á–∏–Ω—É,–ì–∞—Ç—á–∏–Ω–µ,–î–æ—Å—Ç–∞–≤–∫–∞ –≤ –ì–∞—Ç—á–∏–Ω—É ¬∑ –ö–æ–º–º—É–Ω–∞—Ä ¬∑ –°–∏–≤–µ—Ä—Å–∫–∞—è,–ì–∞—Ç—á–∏–Ω–µ,"–ê–≤—Ç–æ—Ä—Å–∫–∏–µ —Ç–æ—Ä—Ç—ã –∏ –¥–µ—Å–µ—Ä—Ç—ã —Ä—É—á–Ω–æ–π —Ä–∞–±–æ—Ç—ã —Å –¥–æ—Å—Ç–∞–≤–∫–æ–π –≤ –ì–∞—Ç—á–∏–Ω—É, –ö–æ–º–º—É–Ω–∞—Ä –∏ –°–∏–≤–µ—Ä—Å–∫—É—é –ø—Ä—è–º–æ –∫ –≤–∞—à–µ–º—É –ø—Ä–∞–∑–¥–Ω–∏–∫—É",–ò–∑–≥–æ—Ç–æ–≤–ª–µ–Ω–∏–µ –æ—Ç 2 –¥–Ω–µ–π,–ì–∞—Ç—á–∏–Ω—É,"–ö–∞–∂–¥—ã–π —Ç–æ—Ä—Ç —Å–æ–±–∏—Ä–∞–µ–º –≤—Ä—É—á–Ω—É—é –∏ –¥–æ—Å—Ç–∞–≤–ª—è–µ–º –ø—Ä—è–º–æ –∫ –≤–∞—à–µ–º—É –ø—Ä–∞–∑–¥–Ω–∏–∫—É</p>
    <div class=""catalog-grid"" id=""catalogGrid"">
      <!-- rendered by JS -->
    </div>
  </div>
</section>

<section id=""why"">
  <div class=""container"">
    <h2 class=""section-title reveal"">–ü–æ—á–µ–º—É –í—ã–±–∏—Ä–∞—é—Ç –ù–∞—Å</h2>
    <div class=""features-grid"">
      <div class=""feature reveal"">
        <div class=""feature-icon"">ü§ç</div>
        <h4>–†—É—á–Ω–∞—è –†–∞–±–æ—Ç–∞</h4>
        <p>–ö–∞–∂–¥—ã–π –¥–µ—Å–µ—Ä—Ç —Å–æ–∑–¥–∞—ë—Ç—Å—è —Å –ª—é–±–æ–≤—å—é –∏ –∑–∞–±–æ—Ç–æ–π –≤—Ä—É—á–Ω—É—é</p>
      </div>
      <div class=""feature reveal"">
        <div class=""feature-icon"">üåø</div>
        <h4>–ù–∞—Ç—É—Ä–∞–ª—å–Ω—ã–µ –ò–Ω–≥—Ä–µ–¥–∏–µ–Ω—Ç—ã</h4>
        <p>–¢–æ–ª—å–∫–æ –∫–∞—á–µ—Å—Ç–≤–µ–Ω–Ω—ã–µ –ø—Ä–æ–¥—É–∫—Ç—ã –±–µ–∑ –∏—Å–∫—É—Å—Å—Ç–≤–µ–Ω–Ω—ã—Ö –¥–æ–±–∞–≤–æ–∫</p>
      </div>
      <div class=""feature reveal"">
        <div class=""feature-icon"">üéØ</div>
        <h4>–°–≤–µ–∂–µ—Å—Ç—å –ü–æ–¥ –ó–∞–∫–∞–∑</h4>
        <p>–ì–æ—Ç–æ–≤–∏–º —Å–ø–µ—Ü–∏–∞–ª—å–Ω–æ –¥–ª—è –≤–∞—Å, –≤—Å–µ–≥–¥–∞ —Å–≤–µ–∂–µ–µ</p>
      </div>
      <div class=""feature reveal"">
        <div class=""feature-icon"">üì¶</div>
        <h4>–î–æ—Å—Ç–∞–≤–∫–∞ –ü–æ –°–ü–±</h4>
        <p>–ê–∫–∫—É—Ä–∞—Ç–Ω–∞—è –¥–æ—Å—Ç–∞–≤–∫–∞ –≤ –∫—Ä–∞—Å–∏–≤–æ–π —É–ø–∞–∫–æ–≤–∫–µ</p>
      </div>
    </div>
  </div>
</section>

<section id=""reviews"" style=""background:var(--white);padding:100px 60px;"">
  <div class=""container"">
    <h2 class=""section-title reveal"">–û—Ç–∑—ã–≤—ã –ö–ª–∏–µ–Ω—Ç–æ–≤</h2>
    <p class=""section-sub reveal"">–î–æ—Å—Ç–∞–≤–ª—è–µ–º —Ä–∞–¥–æ—Å—Ç—å –≤ –°–ü–± –∏ –ì–∞—Ç—á–∏–Ω—É",–ì–∞—Ç—á–∏–Ω—É –∏ –ì–∞—Ç—á–∏–Ω—Å–∫–∏–π —Ä–∞–π–æ–Ω,"Milovi Cake ‚Äî —á–∞—Å—Ç–Ω—ã–π –∫–æ–Ω–¥–∏—Ç–µ—Ä, –¥–æ—Å—Ç–∞–≤–ª—è–µ—Ç –∞–≤—Ç–æ—Ä—Å–∫–∏–µ —Ç–æ—Ä—Ç—ã –∏ –¥–µ—Å–µ—Ä—Ç—ã –≤ –ì–∞—Ç—á–∏–Ω—É –∏ –ì–∞—Ç—á–∏–Ω—Å–∫–∏–π —Ä–∞–π–æ–Ω –õ–µ–Ω–∏–Ω–≥—Ä–∞–¥—Å–∫–æ–π –æ–±–ª–∞—Å—Ç–∏. –î–æ—Å—Ç–∞–≤–∫–∞ –∏–∑ –°–∞–Ω–∫—Ç-–ü–µ—Ç–µ—Ä–±—É—Ä–≥–∞ ‚Äî —Å–æ–±—Å—Ç–≤–µ–Ω–Ω–æ–π —Å–ª—É–∂–±–æ–π –ø–æ –¥–æ–≥–æ–≤–æ—Ä—ë–Ω–Ω–æ—Å—Ç–∏ –∏–ª–∏ —á–µ—Ä–µ–∑ –Ø–Ω–¥–µ–∫—Å.–î–æ—Å—Ç–∞–≤–∫—É. –ü—Ä–∏–Ω–∏–º–∞–µ–º –∑–∞–∫–∞–∑—ã –∑–∞—Ä–∞–Ω–µ–µ, —É—Ç–æ—á–Ω—è–µ–º –≤—Å–µ –¥–µ—Ç–∞–ª–∏ –∏ –ø—Ä–∏–≤–æ–∑–∏–º —Ç–æ—Ä—Ç —Å–≤–µ–∂–∏–º –ø—Ä—è–º–æ –∫ –≤–∞—à–µ–º—É –ø—Ä–∞–∑–¥–Ω–∏–∫—É.",,–ß–∞—Å—Ç–Ω—ã–π –∫–æ–Ω–¥–∏—Ç–µ—Ä —Å –¥–æ—Å—Ç–∞–≤–∫–æ–π –≤ –ì–∞—Ç—á–∏–Ω—É ‚Äî Milovi Cake,"–ò—â–µ—Ç–µ —Ç–æ—Ä—Ç –Ω–∞ –∑–∞–∫–∞–∑ –≤ –ì–∞—Ç—á–∏–Ω–µ? Milovi Cake ‚Äî —á–∞—Å—Ç–Ω—ã–π –∫–æ–Ω–¥–∏—Ç–µ—Ä –∏–∑ –°–∞–Ω–∫—Ç-–ü–µ—Ç–µ—Ä–±—É—Ä–≥–∞, –¥–æ—Å—Ç–∞–≤–ª—è—é—â–∏–π –∞–≤—Ç–æ—Ä—Å–∫–∏–µ —Ç–æ—Ä—Ç—ã –≤ –ì–∞—Ç—á–∏–Ω—É. –ö–∞–∂–¥—ã–π —Ç–æ—Ä—Ç –¥–µ–ª–∞–µ—Ç—Å—è –≤—Ä—É—á–Ω—É—é, –Ω–∞ –Ω–∞—Ç—É—Ä–∞–ª—å–Ω—ã—Ö —Å–ª–∏–≤–∫–∞—Ö –∏ –∫–∞—á–µ—Å—Ç–≤–µ–Ω–Ω–æ–º —Å—ã—Ä–µ –∫—Ä–µ–º-—á–∏–∑, –±–µ–∑ –≥–æ—Ç–æ–≤—ã—Ö —Å–º–µ—Å–µ–π –∏ —Ä–∞—Å—Ç–∏—Ç–µ–ª—å–Ω—ã—Ö –∑–∞–º–µ–Ω–∏—Ç–µ–ª–µ–π. –í—ã –≤—ã–±–∏—Ä–∞–µ—Ç–µ –≤–∫—É—Å, —Ä–∞–∑–º–µ—Ä –∏ –æ—Ñ–æ—Ä–º–ª–µ–Ω–∏–µ ‚Äî —è —Å–æ–∑–¥–∞—é –¥–µ—Å–µ—Ä—Ç –∏–º–µ–Ω–Ω–æ –ø–æ–¥ –≤–∞—à –ø—Ä–∞–∑–¥–Ω–∏–∫.","–î–ª—è –∂–∏—Ç–µ–ª–µ–π –ì–∞—Ç—á–∏–Ω—ã –¥–æ—Å—Ç—É–ø–Ω—ã –≤–∞–Ω–∏–ª—å–Ω—ã–µ —Ç–æ—Ä—Ç—ã –Ω–∞ –∑–∞–∫–∞–∑: ¬´–í–æ–∑–¥—É—à–Ω—ã–π –ø–æ—Ü–µ–ª—É–π¬ª —Å –∫–ª—É–±–Ω–∏—á–Ω–æ–π –Ω–∞—á–∏–Ω–∫–æ–π, ¬´–í–∞–Ω–∏–ª—å–Ω–∞—è –≤–∏—à–Ω—è¬ª, ¬´–í–∞–Ω–∏–ª—å–Ω—ã–π –º–∏–∫—Å —è–≥–æ–¥¬ª —Å –º–∞–ª–∏–Ω–æ–π –∏ –≥–æ–ª—É–±–∏–∫–æ–π, ¬´–í–∞–Ω–∏–ª—å–Ω—ã–µ —Ç—Ä–æ–ø–∏–∫–∏¬ª —Å –∫—É—Ä–¥–æ–º –º–∞–Ω–≥–æ-–º–∞—Ä–∞–∫—É–π—è, ¬´–ë–µ–ª—ã–π —Å–Ω–∏–∫–µ—Ä—Å¬ª —Å –¥–æ–º–∞—à–Ω–µ–π —Å–æ–ª—ë–Ω–æ–π –∫–∞—Ä–∞–º–µ–ª—å—é. –ò–∑ —à–æ–∫–æ–ª–∞–¥–Ω—ã—Ö ‚Äî ¬´–í–∏—à–Ω—è –≤ —à–æ–∫–æ–ª–∞–¥–µ¬ª, ¬´–®–æ–∫–æ–ª–∞–¥–Ω—ã–π –º–∏–∫—Å —è–≥–æ–¥¬ª, ¬´–°–Ω–∏–∫–µ—Ä—Å¬ª —Å –∞—Ä–∞—Ö–∏—Å–æ–º, ¬´–§–µ—Ä—Ä–µ—Ä–æ¬ª —Å —Ö—Ä—É—Å—Ç—è—â–µ–π –≤–∞—Ñ–ª–µ–π. –ò–∑ –∫–ª–∞—Å—Å–∏–∫–∏ —Ç–æ—Ä—Ç–æ–≤ –Ω–∞ –∑–∞–∫–∞–∑ ‚Äî ¬´–ö—Ä–∞—Å–Ω—ã–π –±–∞—Ä—Ö–∞—Ç¬ª –∏ –¥–æ–º–∞—à–Ω–∏–π ¬´–ú–µ–¥–æ–≤–∏–∫¬ª.","–ú–µ—Ä–µ–Ω–≥–æ–≤—ã–µ —Ä—É–ª–µ—Ç—ã –Ω–∞ –∑–∞–∫–∞–∑ —Å –¥–æ—Å—Ç–∞–≤–∫–æ–π –≤ –ì–∞—Ç—á–∏–Ω—É –∏ –ø–∏—Ä–æ–∂–Ω–æ–µ –ü–∞–≤–ª–æ–≤–∞ ‚Äî –±–µ–∑–≥–ª—é—Ç–µ–Ω–æ–≤—ã–µ –¥–µ—Å–µ—Ä—Ç—ã —Å —Ö—Ä—É—Å—Ç—è—â–µ–π –º–µ—Ä–µ–Ω–≥–æ–π, –Ω–µ–∂–Ω—ã–º –∫—Ä–µ–º–æ–º –∏ —Å–≤–µ–∂–∏–º–∏ —è–≥–æ–¥–∞–º–∏. –ü—Ä–∏–Ω–∏–º–∞–µ–º –∑–∞–∫–∞–∑—ã –Ω–∞ —Ç–æ—Ä—Ç—ã –¥–ª—è –¥–Ω–µ–π —Ä–æ–∂–¥–µ–Ω–∏—è –≤ –ì–∞—Ç—á–∏–Ω–µ, —Å–≤–∞–¥–µ–±, –¥–µ—Ç—Å–∫–∏—Ö –ø—Ä–∞–∑–¥–Ω–∏–∫–æ–≤ –∏ –∫–æ—Ä–ø–æ—Ä–∞—Ç–∏–≤–æ–≤. –î–æ—Å—Ç–∞–≤–∫–∞ —Ç–æ—Ä—Ç–æ–≤ –≤ –ì–∞—Ç—á–∏–Ω—É ‚Äî —Å–æ–±—Å—Ç–≤–µ–Ω–Ω–æ–π —Å–ª—É–∂–±–æ–π –∏–ª–∏ —á–µ—Ä–µ–∑ –Ø–Ω–¥–µ–∫—Å.–î–æ—Å—Ç–∞–≤–∫—É.",–¢–æ—Ä—Ç—ã –≤ –ì–∞—Ç—á–∏–Ω–µ|–¢–æ—Ä—Ç—ã –≤ –ö–æ–º–º—É–Ω–∞—Ä–µ|–¢–æ—Ä—Ç—ã –≤ –°–∏–≤–µ—Ä—Å–∫–æ–π|–¢–æ—Ä—Ç –Ω–∞ –¥–µ–Ω—å —Ä–æ–∂–¥–µ–Ω–∏—è –≤ –ì–∞—Ç—á–∏–Ω–µ|–¢–æ—Ä—Ç –Ω–∞ —Å–≤–∞–¥—å–±—É –≤ –ì–∞—Ç—á–∏–Ω–µ|–î–µ—Ç—Å–∫–∏–π —Ç–æ—Ä—Ç –≤ –ì–∞—Ç—á–∏–Ω—É|–ú–µ—Ä–µ–Ω–≥–æ–≤—ã–π —Ä—É–ª–µ—Ç –≤ –ì–∞—Ç—á–∏–Ω—É|–ë–µ–Ω—Ç–æ —Ç–æ—Ä—Ç –≤ –ì–∞—Ç—á–∏–Ω—É|–ü–∞–≤–ª–æ–≤–∞ –≤ –ì–∞—Ç—á–∏–Ω—É
kolpino,–¢–æ—Ä—Ç—ã –Ω–∞ –∑–∞–∫–∞–∑ –≤ –ö–æ–ª–ø–∏–Ω–æ ‚Äî Milovi Cake | –î–æ—Å—Ç–∞–≤–∫–∞ –∏–∑ –°–ü–±,"–°–≤–∞–¥–µ–±–Ω—ã–π —Ç–æ—Ä—Ç, —Ç–æ—Ä—Ç –Ω–∞ –¥–µ–Ω—å —Ä–æ–∂–¥–µ–Ω–∏—è, –¥–µ—Ç—Å–∫–∏–π —Ç–æ—Ä—Ç –Ω–∞ –∑–∞–∫–∞–∑ –≤ –ö–æ–ª–ø–∏–Ω–æ –æ—Ç —á–∞—Å—Ç–Ω–æ–≥–æ –∫–æ–Ω–¥–∏—Ç–µ—Ä–∞. –î–æ—Å—Ç–∞–≤–∫–∞ –∏–∑ –°–ü–±. –†—É—á–Ω–∞—è —Ä–∞–±–æ—Ç–∞, –Ω–∞—Ç—É—Ä–∞–ª—å–Ω—ã–µ –∏–Ω–≥—Ä–µ–¥–∏–µ–Ω—Ç—ã.",Milovi Cake ‚Äî –¢–æ—Ä—Ç—ã –Ω–∞ –∑–∞–∫–∞–∑ –≤ –ö–æ–ª–ø–∏–Ω–æ,"–ß–∞—Å—Ç–Ω—ã–π –∫–æ–Ω–¥–∏—Ç–µ—Ä ‚Äî –¥–æ—Å—Ç–∞–≤–ª—è–µ–º –∞–≤—Ç–æ—Ä—Å–∫–∏–µ —Ç–æ—Ä—Ç—ã –∏ –¥–µ—Å–µ—Ä—Ç—ã —Ä—É—á–Ω–æ–π —Ä–∞–±–æ—Ç—ã –≤ –ö–æ–ª–ø–∏–Ω–æ. –ë–∏—Å–∫–≤–∏—Ç–Ω—ã–µ, –±–µ–Ω—Ç–æ, 3D-—Ç–æ—Ä—Ç—ã, –º–µ—Ä–µ–Ω–≥–æ–≤—ã–µ —Ä—É–ª–µ—Ç—ã –∏ –ü–∞–≤–ª–æ–≤–∞.",/prigorody/kolpino/,–ö–æ–ª–ø–∏–Ω–æ,–ö–æ–ª–ø–∏–Ω–æ,–ö–æ–ª–ø–∏–Ω–æ,–ö–æ–ª–ø–∏–Ω–æ,–î–æ—Å—Ç–∞–≤–∫–∞ –≤ –ö–æ–ª–ø–∏–Ω–æ ¬∑ –¢–æ—Å–Ω–æ ¬∑ –®—É—à–∞—Ä—ã,–ö–æ–ª–ø–∏–Ω–æ,"–ê–≤—Ç–æ—Ä—Å–∫–∏–µ —Ç–æ—Ä—Ç—ã –∏ –¥–µ—Å–µ—Ä—Ç—ã —Ä—É—á–Ω–æ–π —Ä–∞–±–æ—Ç—ã —Å –¥–æ—Å—Ç–∞–≤–∫–æ–π –≤ –ö–æ–ª–ø–∏–Ω–æ, –¢–æ—Å–Ω–æ –∏ –®—É—à–∞—Ä—ã –ø—Ä—è–º–æ –∫ –≤–∞—à–µ–º—É –ø—Ä–∞–∑–¥–Ω–∏–∫—É",–ò–∑–≥–æ—Ç–æ–≤–ª–µ–Ω–∏–µ –æ—Ç 2 –¥–Ω–µ–π,–ö–æ–ª–ø–∏–Ω–æ,"–ö–∞–∂–¥—ã–π —Ç–æ—Ä—Ç —Å–æ–±–∏—Ä–∞–µ–º –≤—Ä—É—á–Ω—É—é –∏ –¥–æ—Å—Ç–∞–≤–ª—è–µ–º –ø—Ä—è–º–æ –∫ –≤–∞—à–µ–º—É –ø—Ä–∞–∑–¥–Ω–∏–∫—É</p>
    <div class=""catalog-grid"" id=""catalogGrid"">
      <!-- rendered by JS -->
    </div>
  </div>
</section>

<section id=""why"">
  <div class=""container"">
    <h2 class=""section-title reveal"">–ü–æ—á–µ–º—É –í—ã–±–∏—Ä–∞—é—Ç –ù–∞—Å</h2>
    <div class=""features-grid"">
      <div class=""feature reveal"">
        <div class=""feature-icon"">ü§ç</div>
        <h4>–†—É—á–Ω–∞—è –†–∞–±–æ—Ç–∞</h4>
        <p>–ö–∞–∂–¥—ã–π –¥–µ—Å–µ—Ä—Ç —Å–æ–∑–¥–∞—ë—Ç—Å—è —Å –ª—é–±–æ–≤—å—é –∏ –∑–∞–±–æ—Ç–æ–π –≤—Ä—É—á–Ω—É—é</p>
      </div>
      <div class=""feature reveal"">
        <div class=""feature-icon"">üåø</div>
        <h4>–ù–∞—Ç—É—Ä–∞–ª—å–Ω—ã–µ –ò–Ω–≥—Ä–µ–¥–∏–µ–Ω—Ç—ã</h4>
        <p>–¢–æ–ª—å–∫–æ –∫–∞—á–µ—Å—Ç–≤–µ–Ω–Ω—ã–µ –ø—Ä–æ–¥—É–∫—Ç—ã –±–µ–∑ –∏—Å–∫—É—Å—Å—Ç–≤–µ–Ω–Ω—ã—Ö –¥–æ–±–∞–≤–æ–∫</p>
      </div>
      <div class=""feature reveal"">
        <div class=""feature-icon"">üéØ</div>
        <h4>–°–≤–µ–∂–µ—Å—Ç—å –ü–æ–¥ –ó–∞–∫–∞–∑</h4>
        <p>–ì–æ—Ç–æ–≤–∏–º —Å–ø–µ—Ü–∏–∞–ª—å–Ω–æ –¥–ª—è –≤–∞—Å, –≤—Å–µ–≥–¥–∞ —Å–≤–µ–∂–µ–µ</p>
      </div>
      <div class=""feature reveal"">
        <div class=""feature-icon"">üì¶</div>
        <h4>–î–æ—Å—Ç–∞–≤–∫–∞ –ü–æ –°–ü–±</h4>
        <p>–ê–∫–∫—É—Ä–∞—Ç–Ω–∞—è –¥–æ—Å—Ç–∞–≤–∫–∞ –≤ –∫—Ä–∞—Å–∏–≤–æ–π —É–ø–∞–∫–æ–≤–∫–µ</p>
      </div>
    </div>
  </div>
</section>

<section id=""reviews"" style=""background:var(--white);padding:100px 60px;"">
  <div class=""container"">
    <h2 class=""section-title reveal"">–û—Ç–∑—ã–≤—ã –ö–ª–∏–µ–Ω—Ç–æ–≤</h2>
    <p class=""section-sub reveal"">–î–æ—Å—Ç–∞–≤–ª—è–µ–º —Ä–∞–¥–æ—Å—Ç—å –≤ –°–ü–± –∏ –ö–æ–ª–ø–∏–Ω–æ",–ö–æ–ª–ø–∏–Ω–æ –∏ –¢–æ—Å–Ω–µ–Ω—Å–∫–∏–π —Ä–∞–π–æ–Ω,"Milovi Cake ‚Äî —á–∞—Å—Ç–Ω—ã–π –∫–æ–Ω–¥–∏—Ç–µ—Ä, –¥–æ—Å—Ç–∞–≤–ª—è–µ—Ç –∞–≤—Ç–æ—Ä—Å–∫–∏–µ —Ç–æ—Ä—Ç—ã –∏ –¥–µ—Å–µ—Ä—Ç—ã –≤ –ö–æ–ª–ø–∏–Ω–æ –∏ —Å–æ—Å–µ–¥–Ω–∏–µ —Ä–∞–π–æ–Ω—ã. –î–æ—Å—Ç–∞–≤–∫–∞ –∏–∑ –°–∞–Ω–∫—Ç-–ü–µ—Ç–µ—Ä–±—É—Ä–≥–∞ ‚Äî —Å–æ–±—Å—Ç–≤–µ–Ω–Ω–æ–π —Å–ª—É–∂–±–æ–π –ø–æ –¥–æ–≥–æ–≤–æ—Ä—ë–Ω–Ω–æ—Å—Ç–∏ –∏–ª–∏ —á–µ—Ä–µ–∑ –Ø–Ω–¥–µ–∫—Å.–î–æ—Å—Ç–∞–≤–∫—É. –ü—Ä–∏–Ω–∏–º–∞–µ–º –∑–∞–∫–∞–∑—ã –∑–∞—Ä–∞–Ω–µ–µ, —É—Ç–æ—á–Ω—è–µ–º –≤—Å–µ –¥–µ—Ç–∞–ª–∏ –∏ –ø—Ä–∏–≤–æ–∑–∏–º —Ç–æ—Ä—Ç —Å–≤–µ–∂–∏–º –ø—Ä—è–º–æ –∫ –≤–∞—à–µ–º—É –ø—Ä–∞–∑–¥–Ω–∏–∫—É.",,–ß–∞—Å—Ç–Ω—ã–π –∫–æ–Ω–¥–∏—Ç–µ—Ä —Å –¥–æ—Å—Ç–∞–≤–∫–æ–π –≤ –ö–æ–ª–ø–∏–Ω–æ ‚Äî Milovi Cake,"–ò—â–µ—Ç–µ —Ç–æ—Ä—Ç –Ω–∞ –∑–∞–∫–∞–∑ –≤ –ö–æ–ª–ø–∏–Ω–æ? Milovi Cake ‚Äî —á–∞—Å—Ç–Ω—ã–π –∫–æ–Ω–¥–∏—Ç–µ—Ä –∏–∑ –°–∞–Ω–∫—Ç-–ü–µ—Ç–µ—Ä–±—É—Ä–≥–∞, –¥–æ—Å—Ç–∞–≤–ª—è—é—â–∏–π –∞–≤—Ç–æ—Ä—Å–∫–∏–µ —Ç–æ—Ä—Ç—ã –≤ –ö–æ–ª–ø–∏–Ω–æ. –ö–∞–∂–¥—ã–π —Ç–æ—Ä—Ç –¥–µ–ª–∞–µ—Ç—Å—è –≤—Ä—É—á–Ω—É—é, –Ω–∞ –Ω–∞—Ç—É—Ä–∞–ª—å–Ω—ã—Ö —Å–ª–∏–≤–∫–∞—Ö –∏ –∫–∞—á–µ—Å—Ç–≤–µ–Ω–Ω–æ–º —Å—ã—Ä–µ –∫—Ä–µ–º-—á–∏–∑, –±–µ–∑ –≥–æ—Ç–æ–≤—ã—Ö —Å–º–µ—Å–µ–π –∏ —Ä–∞—Å—Ç–∏—Ç–µ–ª—å–Ω—ã—Ö –∑–∞–º–µ–Ω–∏—Ç–µ–ª–µ–π. –í—ã –≤—ã–±–∏—Ä–∞–µ—Ç–µ –≤–∫—É—Å, —Ä–∞–∑–º–µ—Ä –∏ –æ—Ñ–æ—Ä–º–ª–µ–Ω–∏–µ ‚Äî —è —Å–æ–∑–¥–∞—é –¥–µ—Å–µ—Ä—Ç –∏–º–µ–Ω–Ω–æ –ø–æ–¥ –≤–∞—à –ø—Ä–∞–∑–¥–Ω–∏–∫.","–î–ª—è –∂–∏—Ç–µ–ª–µ–π –ö–æ–ª–ø–∏–Ω–æ –¥–æ—Å—Ç—É–ø–Ω—ã –≤–∞–Ω–∏–ª—å–Ω—ã–µ —Ç–æ—Ä—Ç—ã –Ω–∞ –∑–∞–∫–∞–∑: ¬´–í–æ–∑–¥—É—à–Ω—ã–π –ø–æ—Ü–µ–ª—É–π¬ª —Å –∫–ª—É–±–Ω–∏—á–Ω–æ–π –Ω–∞—á–∏–Ω–∫–æ–π, ¬´–í–∞–Ω–∏–ª—å–Ω–∞—è –≤–∏—à–Ω—è¬ª, ¬´–í–∞–Ω–∏–ª—å–Ω—ã–π –º–∏–∫—Å —è–≥–æ–¥¬ª —Å –º–∞–ª–∏–Ω–æ–π –∏ –≥–æ–ª—É–±–∏–∫–æ–π, ¬´–í–∞–Ω–∏–ª—å–Ω—ã–µ —Ç—Ä–æ–ø–∏–∫–∏¬ª —Å –∫—É—Ä–¥–æ–º –º–∞–Ω–≥–æ-–º–∞—Ä–∞–∫—É–π—è, ¬´–ë–µ–ª—ã–π —Å–Ω–∏–∫–µ—Ä—Å¬ª —Å –¥–æ–º–∞—à–Ω–µ–π —Å–æ–ª—ë–Ω–æ–π –∫–∞—Ä–∞–º–µ–ª—å—é. –ò–∑ —à–æ–∫–æ–ª–∞–¥–Ω—ã—Ö ‚Äî ¬´–í–∏—à–Ω—è –≤ —à–æ–∫–æ–ª–∞–¥–µ¬ª, ¬´–®–æ–∫–æ–ª–∞–¥–Ω—ã–π –º–∏–∫—Å —è–≥–æ–¥¬ª, ¬´–°–Ω–∏–∫–µ—Ä—Å¬ª —Å –∞—Ä–∞—Ö–∏—Å–æ–º, ¬´–§–µ—Ä—Ä–µ—Ä–æ¬ª —Å —Ö—Ä—É—Å—Ç—è—â–µ–π –≤–∞—Ñ–ª–µ–π. –ò–∑ –∫–ª–∞—Å—Å–∏–∫–∏ —Ç–æ—Ä—Ç–æ–≤ –Ω–∞ –∑–∞–∫–∞–∑ ‚Äî ¬´–ö—Ä–∞—Å–Ω—ã–π –±–∞—Ä—Ö–∞—Ç¬ª –∏ –¥–æ–º–∞—à–Ω–∏–π ¬´–ú–µ–¥–æ–≤–∏–∫¬ª.","–ú–µ—Ä–µ–Ω–≥–æ–≤—ã–µ —Ä—É–ª–µ—Ç—ã –Ω–∞ –∑–∞–∫–∞–∑ —Å –¥–æ—Å—Ç–∞–≤–∫–æ–π –≤ –ö–æ–ª–ø–∏–Ω–æ –∏ –ø–∏—Ä–æ–∂–Ω–æ–µ –ü–∞–≤–ª–æ–≤–∞ ‚Äî –±–µ–∑–≥–ª—é—Ç–µ–Ω–æ–≤—ã–µ –¥–µ—Å–µ—Ä—Ç—ã —Å —Ö—Ä—É—Å—Ç—è—â–µ–π –º–µ—Ä–µ–Ω–≥–æ–π, –Ω–µ–∂–Ω—ã–º –∫—Ä–µ–º–æ–º –∏ —Å–≤–µ–∂–∏–º–∏ —è–≥–æ–¥–∞–º–∏. –ü—Ä–∏–Ω–∏–º–∞–µ–º –∑–∞–∫–∞–∑—ã –Ω–∞ —Ç–æ—Ä—Ç—ã –¥–ª—è –¥–Ω–µ–π —Ä–æ–∂–¥–µ–Ω–∏—è –≤ –ö–æ–ª–ø–∏–Ω–æ, —Å–≤–∞–¥–µ–±, –¥–µ—Ç—Å–∫–∏—Ö –ø—Ä–∞–∑–¥–Ω–∏–∫–æ–≤ –∏ –∫–æ—Ä–ø–æ—Ä–∞—Ç–∏–≤–æ–≤. –î–æ—Å—Ç–∞–≤–∫–∞ —Ç–æ—Ä—Ç–æ–≤ –≤ –ö–æ–ª–ø–∏–Ω–æ, –¢–æ—Å–Ω–æ –∏ –®—É—à–∞—Ä—ã ‚Äî —Å–æ–±—Å—Ç–≤–µ–Ω–Ω–æ–π —Å–ª—É–∂–±–æ–π –∏–ª–∏ —á–µ—Ä–µ–∑ –Ø–Ω–¥–µ–∫—Å.–î–æ—Å—Ç–∞–≤–∫—É.",–¢–æ—Ä—Ç—ã –≤ –ö–æ–ª–ø–∏–Ω–æ|–¢–æ—Ä—Ç—ã –≤ –¢–æ—Å–Ω–æ|–¢–æ—Ä—Ç—ã –≤ –®—É—à–∞—Ä–∞—Ö|–¢–æ—Ä—Ç –Ω–∞ –¥–µ–Ω—å —Ä–æ–∂–¥–µ–Ω–∏—è –≤ –ö–æ–ª–ø–∏–Ω–æ|–¢–æ—Ä—Ç –Ω–∞ —Å–≤–∞–¥—å–±—É –≤ –ö–æ–ª–ø–∏–Ω–æ|–î–µ—Ç—Å–∫–∏–π —Ç–æ—Ä—Ç –≤ –ö–æ–ª–ø–∏–Ω–æ|–ú–µ—Ä–µ–Ω–≥–æ–≤—ã–π —Ä—É–ª–µ—Ç –≤ –ö–æ–ª–ø–∏–Ω–æ|–ë–µ–Ω—Ç–æ —Ç–æ—Ä—Ç –≤ –ö–æ–ª–ø–∏–Ω–æ|–ü–∞–≤–ª–æ–≤–∞ –≤ –ö–æ–ª–ø–∏–Ω–æ
krasnoe-selo,–¢–æ—Ä—Ç—ã –Ω–∞ –∑–∞–∫–∞–∑ –≤ –ö—Ä–∞—Å–Ω–æ–º –°–µ–ª–µ ‚Äî Milovi Cake | –î–æ—Å—Ç–∞–≤–∫–∞ –∏–∑ –°–ü–±,"–°–≤–∞–¥–µ–±–Ω—ã–π —Ç–æ—Ä—Ç, —Ç–æ—Ä—Ç –Ω–∞ –¥–µ–Ω—å —Ä–æ–∂–¥–µ–Ω–∏—è, –¥–µ—Ç—Å–∫–∏–π —Ç–æ—Ä—Ç –Ω–∞ –∑–∞–∫–∞–∑ –≤ –ö—Ä–∞—Å–Ω–æ–µ –°–µ–ª–æ –æ—Ç —á–∞—Å—Ç–Ω–æ–≥–æ –∫–æ–Ω–¥–∏—Ç–µ—Ä–∞. –î–æ—Å—Ç–∞–≤–∫–∞ –∏–∑ –°–ü–±. –†—É—á–Ω–∞—è —Ä–∞–±–æ—Ç–∞, –Ω–∞—Ç—É—Ä–∞–ª—å–Ω—ã–µ –∏–Ω–≥—Ä–µ–¥–∏–µ–Ω—Ç—ã.",Milovi Cake ‚Äî –¢–æ—Ä—Ç—ã –Ω–∞ –∑–∞–∫–∞–∑ –≤ –ö—Ä–∞—Å–Ω–æ–º –°–µ–ª–µ,"–ß–∞—Å—Ç–Ω—ã–π –∫–æ–Ω–¥–∏—Ç–µ—Ä ‚Äî –¥–æ—Å—Ç–∞–≤–ª—è–µ–º –∞–≤—Ç–æ—Ä—Å–∫–∏–µ —Ç–æ—Ä—Ç—ã –∏ –¥–µ—Å–µ—Ä—Ç—ã —Ä—É—á–Ω–æ–π —Ä–∞–±–æ—Ç—ã –≤ –ö—Ä–∞—Å–Ω–æ–µ –°–µ–ª–æ. –ë–∏—Å–∫–≤–∏—Ç–Ω—ã–µ, –±–µ–Ω—Ç–æ, 3D-—Ç–æ—Ä—Ç—ã, –º–µ—Ä–µ–Ω–≥–æ–≤—ã–µ —Ä—É–ª–µ—Ç—ã –∏ –ü–∞–≤–ª–æ–≤–∞.",/prigorody/krasnoe-selo/,–ö—Ä–∞—Å–Ω–æ–º –°–µ–ª–µ,–ö—Ä–∞—Å–Ω–æ–µ –°–µ–ª–æ,–ö—Ä–∞—Å–Ω–æ–µ –°–µ–ª–æ,–ö—Ä–∞—Å–Ω–æ–º –°–µ–ª–µ,–î–æ—Å—Ç–∞–≤–∫–∞ –≤ –ö—Ä–∞—Å–Ω–æ–µ –°–µ–ª–æ ¬∑ –ì–æ—Ä–µ–ª–æ–≤–æ ¬∑ –õ–∏–≥–æ–≤–æ,–ö—Ä–∞—Å–Ω–æ–º –°–µ–ª–µ,"–ê–≤—Ç–æ—Ä—Å–∫–∏–µ —Ç–æ—Ä—Ç—ã –∏ –¥–µ—Å–µ—Ä—Ç—ã —Ä—É—á–Ω–æ–π —Ä–∞–±–æ—Ç—ã —Å –¥–æ—Å—Ç–∞–≤–∫–æ–π –≤ –ö—Ä–∞—Å–Ω–æ–µ –°–µ–ª–æ, –ì–æ—Ä–µ–ª–æ–≤–æ –∏ –õ–∏–≥–æ–≤–æ –ø—Ä—è–º–æ –∫ –≤–∞—à–µ–º—É –ø—Ä–∞–∑–¥–Ω–∏–∫—É",–ò–∑–≥–æ—Ç–æ–≤–ª–µ–Ω–∏–µ –æ—Ç 2 –¥–Ω–µ–π,–ö—Ä–∞—Å–Ω–æ–µ –°–µ–ª–æ,"–ö–∞–∂–¥—ã–π —Ç–æ—Ä—Ç —Å–æ–±–∏—Ä–∞–µ–º –≤—Ä—É—á–Ω—É—é –∏ –¥–æ—Å—Ç–∞–≤–ª—è–µ–º –ø—Ä—è–º–æ –∫ –≤–∞—à–µ–º—É –ø—Ä–∞–∑–¥–Ω–∏–∫—É</p>
    <div class=""catalog-grid"" id=""catalogGrid"">
      <!-- rendered by JS -->
    </div>
  </div>
</section>

<section id=""why"">
  <div class=""container"">
    <h2 class=""section-title reveal"">–ü–æ—á–µ–º—É –í—ã–±–∏—Ä–∞—é—Ç –ù–∞—Å</h2>
    <div class=""features-grid"">
      <div class=""feature reveal"">
        <div class=""feature-icon"">ü§ç</div>
        <h4>–†—É—á–Ω–∞—è –†–∞–±–æ—Ç–∞</h4>
        <p>–ö–∞–∂–¥—ã–π –¥–µ—Å–µ—Ä—Ç —Å–æ–∑–¥–∞—ë—Ç—Å—è —Å –ª—é–±–æ–≤—å—é –∏ –∑–∞–±–æ—Ç–æ–π –≤—Ä—É—á–Ω—É—é</p>
      </div>
      <div class=""feature reveal"">
        <div class=""feature-icon"">üåø</div>
        <h4>–ù–∞—Ç—É—Ä–∞–ª—å–Ω—ã–µ –ò–Ω–≥—Ä–µ–¥–∏–µ–Ω—Ç—ã</h4>
        <p>–¢–æ–ª—å–∫–æ –∫–∞—á–µ—Å—Ç–≤–µ–Ω–Ω—ã–µ –ø—Ä–æ–¥—É–∫—Ç—ã –±–µ–∑ –∏—Å–∫—É—Å—Å—Ç–≤–µ–Ω–Ω—ã—Ö –¥–æ–±–∞–≤–æ–∫</p>
      </div>
      <div class=""feature reveal"">
        <div class=""feature-icon"">üéØ</div>
        <h4>–°–≤–µ–∂–µ—Å—Ç—å –ü–æ–¥ –ó–∞–∫–∞–∑</h4>
        <p>–ì–æ—Ç–æ–≤–∏–º —Å–ø–µ—Ü–∏–∞–ª—å–Ω–æ –¥–ª—è –≤–∞—Å, –≤—Å–µ–≥–¥–∞ —Å–≤–µ–∂–µ–µ</p>
      </div>
      <div class=""feature reveal"">
        <div class=""feature-icon"">üì¶</div>
        <h4>–î–æ—Å—Ç–∞–≤–∫–∞ –ü–æ –°–ü–±</h4>
        <p>–ê–∫–∫—É—Ä–∞—Ç–Ω–∞—è –¥–æ—Å—Ç–∞–≤–∫–∞ –≤ –∫—Ä–∞—Å–∏–≤–æ–π —É–ø–∞–∫–æ–≤–∫–µ</p>
      </div>
    </div>
  </div>
</section>

<section id=""reviews"" style=""background:var(--white);padding:100px 60px;"">
  <div class=""container"">
    <h2 class=""section-title reveal"">–û—Ç–∑—ã–≤—ã –ö–ª–∏–µ–Ω—Ç–æ–≤</h2>
    <p class=""section-sub reveal"">–î–æ—Å—Ç–∞–≤–ª—è–µ–º —Ä–∞–¥–æ—Å—Ç—å –≤ –°–ü–± –∏ –ö—Ä–∞—Å–Ω–æ–µ –°–µ–ª–æ",–ö—Ä–∞—Å–Ω–æ–µ –°–µ–ª–æ –∏ –ì–æ—Ä–µ–ª–æ–≤–æ,"Milovi Cake ‚Äî —á–∞—Å—Ç–Ω—ã–π –∫–æ–Ω–¥–∏—Ç–µ—Ä, –¥–æ—Å—Ç–∞–≤–ª—è–µ—Ç –∞–≤—Ç–æ—Ä—Å–∫–∏–µ —Ç–æ—Ä—Ç—ã –∏ –¥–µ—Å–µ—Ä—Ç—ã –≤ –ö—Ä–∞—Å–Ω–æ–µ –°–µ–ª–æ, –ì–æ—Ä–µ–ª–æ–≤–æ –∏ –õ–∏–≥–æ–≤–æ. –î–æ—Å—Ç–∞–≤–∫–∞ –∏–∑ –°–∞–Ω–∫—Ç-–ü–µ—Ç–µ—Ä–±—É—Ä–≥–∞ ‚Äî —Å–æ–±—Å—Ç–≤–µ–Ω–Ω–æ–π —Å–ª—É–∂–±–æ–π –ø–æ –¥–æ–≥–æ–≤–æ—Ä—ë–Ω–Ω–æ—Å—Ç–∏ –∏–ª–∏ —á–µ—Ä–µ–∑ –Ø–Ω–¥–µ–∫—Å.–î–æ—Å—Ç–∞–≤–∫—É. –ü—Ä–∏–Ω–∏–º–∞–µ–º –∑–∞–∫–∞–∑—ã –∑–∞—Ä–∞–Ω–µ–µ –∏ –ø—Ä–∏–≤–æ–∑–∏–º —Ç–æ—Ä—Ç —Å–≤–µ–∂–∏–º –ø—Ä—è–º–æ –∫ –≤–∞—à–µ–º—É –ø—Ä–∞–∑–¥–Ω–∏–∫—É.",,–ß–∞—Å—Ç–Ω—ã–π –∫–æ–Ω–¥–∏—Ç–µ—Ä —Å –¥–æ—Å—Ç–∞–≤–∫–æ–π –≤ –ö—Ä–∞—Å–Ω–æ–µ –°–µ–ª–æ ‚Äî Milovi Cake,"–ò—â–µ—Ç–µ —Ç–æ—Ä—Ç –Ω–∞ –∑–∞–∫–∞–∑ –≤ –ö—Ä–∞—Å–Ω–æ–º –°–µ–ª–µ? Milovi Cake ‚Äî —á–∞—Å—Ç–Ω—ã–π –∫–æ–Ω–¥–∏—Ç–µ—Ä –∏–∑ –°–∞–Ω–∫—Ç-–ü–µ—Ç–µ—Ä–±—É—Ä–≥–∞, –¥–æ—Å—Ç–∞–≤–ª—è—é—â–∏–π –∞–≤—Ç–æ—Ä—Å–∫–∏–µ —Ç–æ—Ä—Ç—ã –≤ –ö—Ä–∞—Å–Ω–æ–µ –°–µ–ª–æ. –ö–∞–∂–¥—ã–π —Ç–æ—Ä—Ç –¥–µ–ª–∞–µ—Ç—Å—è –≤—Ä—É—á–Ω—É—é, –Ω–∞ –Ω–∞—Ç—É—Ä–∞–ª—å–Ω—ã—Ö —Å–ª–∏–≤–∫–∞—Ö –∏ –∫–∞—á–µ—Å—Ç–≤–µ–Ω–Ω–æ–º —Å—ã—Ä–µ –∫—Ä–µ–º-—á–∏–∑, –±–µ–∑ –≥–æ—Ç–æ–≤—ã—Ö —Å–º–µ—Å–µ–π –∏ —Ä–∞—Å—Ç–∏—Ç–µ–ª—å–Ω—ã—Ö –∑–∞–º–µ–Ω–∏—Ç–µ–ª–µ–π. –í—ã –≤—ã–±–∏—Ä–∞–µ—Ç–µ –≤–∫—É—Å, —Ä–∞–∑–º–µ—Ä –∏ –æ—Ñ–æ—Ä–º–ª–µ–Ω–∏–µ ‚Äî —è —Å–æ–∑–¥–∞—é –¥–µ—Å–µ—Ä—Ç –∏–º–µ–Ω–Ω–æ –ø–æ–¥ –≤–∞—à –ø—Ä–∞–∑–¥–Ω–∏–∫.","–î–ª—è –∂–∏—Ç–µ–ª–µ–π –ö—Ä–∞—Å–Ω–æ–≥–æ –°–µ–ª–∞ –¥–æ—Å—Ç—É–ø–Ω—ã –≤–∞–Ω–∏–ª—å–Ω—ã–µ —Ç–æ—Ä—Ç—ã –Ω–∞ –∑–∞–∫–∞–∑: ¬´–í–æ–∑–¥—É—à–Ω—ã–π –ø–æ—Ü–µ–ª—É–π¬ª —Å –∫–ª—É–±–Ω–∏—á–Ω–æ–π –Ω–∞—á–∏–Ω–∫–æ–π, ¬´–í–∞–Ω–∏–ª—å–Ω–∞—è –≤–∏—à–Ω—è¬ª, ¬´–í–∞–Ω–∏–ª—å–Ω—ã–π –º–∏–∫—Å —è–≥–æ–¥¬ª —Å –º–∞–ª–∏–Ω–æ–π –∏ –≥–æ–ª—É–±–∏–∫–æ–π, ¬´–í–∞–Ω–∏–ª—å–Ω—ã–µ —Ç—Ä–æ–ø–∏–∫–∏¬ª —Å –∫—É—Ä–¥–æ–º –º–∞–Ω–≥–æ-–º–∞—Ä–∞–∫—É–π—è, ¬´–ë–µ–ª—ã–π —Å–Ω–∏–∫–µ—Ä—Å¬ª —Å –¥–æ–º–∞—à–Ω–µ–π —Å–æ–ª—ë–Ω–æ–π –∫–∞—Ä–∞–º–µ–ª—å—é. –ò–∑ —à–æ–∫–æ–ª–∞–¥–Ω—ã—Ö ‚Äî ¬´–í–∏—à–Ω—è –≤ —à–æ–∫–æ–ª–∞–¥–µ¬ª, ¬´–®–æ–∫–æ–ª–∞–¥–Ω—ã–π –º–∏–∫—Å —è–≥–æ–¥¬ª, ¬´–°–Ω–∏–∫–µ—Ä—Å¬ª —Å –∞—Ä–∞—Ö–∏—Å–æ–º, ¬´–§–µ—Ä—Ä–µ—Ä–æ¬ª —Å —Ö—Ä—É—Å—Ç—è—â–µ–π –≤–∞—Ñ–ª–µ–π. –ò–∑ –∫–ª–∞—Å—Å–∏–∫–∏ —Ç–æ—Ä—Ç–æ–≤ –Ω–∞ –∑–∞–∫–∞–∑ ‚Äî ¬´–ö—Ä–∞—Å–Ω—ã–π –±–∞—Ä—Ö–∞—Ç¬ª –∏ –¥–æ–º–∞—à–Ω–∏–π ¬´–ú–µ–¥–æ–≤–∏–∫¬ª.","–ú–µ—Ä–µ–Ω–≥–æ–≤—ã–µ —Ä—É–ª–µ—Ç—ã –Ω–∞ –∑–∞–∫–∞–∑ —Å –¥–æ—Å—Ç–∞–≤–∫–æ–π –≤ –ö—Ä–∞—Å–Ω–æ–µ –°–µ–ª–æ –∏ –ø–∏—Ä–æ–∂–Ω–æ–µ –ü–∞–≤–ª–æ–≤–∞ ‚Äî –±–µ–∑–≥–ª—é—Ç–µ–Ω–æ–≤—ã–µ –¥–µ—Å–µ—Ä—Ç—ã —Å —Ö—Ä—É—Å—Ç—è—â–µ–π –º–µ—Ä–µ–Ω–≥–æ–π, –Ω–µ–∂–Ω—ã–º –∫—Ä–µ–º–æ–º –∏ —Å–≤–µ–∂–∏–º–∏ —è–≥–æ–¥–∞–º–∏. –ü—Ä–∏–Ω–∏–º–∞–µ–º –∑–∞–∫–∞–∑—ã –Ω–∞ —Ç–æ—Ä—Ç—ã –¥–ª—è –¥–Ω–µ–π —Ä–æ–∂–¥–µ–Ω–∏—è –≤ –ö—Ä–∞—Å–Ω–æ–º –°–µ–ª–µ, —Å–≤–∞–¥–µ–±, –¥–µ—Ç—Å–∫–∏—Ö –ø—Ä–∞–∑–¥–Ω–∏–∫–æ–≤ –∏ –∫–æ—Ä–ø–æ—Ä–∞—Ç–∏–≤–æ–≤. –î–æ—Å—Ç–∞–≤–∫–∞ —Ç–æ—Ä—Ç–æ–≤ –≤ –ö—Ä–∞—Å–Ω–æ–µ –°–µ–ª–æ, –ì–æ—Ä–µ–ª–æ–≤–æ –∏ –õ–∏–≥–æ–≤–æ ‚Äî —Å–æ–±—Å—Ç–≤–µ–Ω–Ω–æ–π —Å–ª—É–∂–±–æ–π –∏–ª–∏ —á–µ—Ä–µ–∑ –Ø–Ω–¥–µ–∫—Å.–î–æ—Å—Ç–∞–≤–∫—É.",–¢–æ—Ä—Ç—ã –≤ –ö—Ä–∞—Å–Ω–æ–º –°–µ–ª–µ|–¢–æ—Ä—Ç—ã –≤ –ì–æ—Ä–µ–ª–æ–≤–æ|–¢–æ—Ä—Ç—ã –≤ –õ–∏–≥–æ–≤–æ|–¢–æ—Ä—Ç –Ω–∞ –¥–µ–Ω—å —Ä–æ–∂–¥–µ–Ω–∏—è –≤ –ö—Ä–∞—Å–Ω–æ–º –°–µ–ª–µ|–¢–æ—Ä—Ç –Ω–∞ —Å–≤–∞–¥—å–±—É –≤ –ö—Ä–∞—Å–Ω–æ–º –°–µ–ª–µ|–î–µ—Ç—Å–∫–∏–π —Ç–æ—Ä—Ç –≤ –ö—Ä–∞—Å–Ω–æ–µ –°–µ–ª–æ|–ú–µ—Ä–µ–Ω–≥–æ–≤—ã–π —Ä—É–ª–µ—Ç –≤ –ö—Ä–∞—Å–Ω–æ–µ –°–µ–ª–æ|–ë–µ–Ω—Ç–æ —Ç–æ—Ä—Ç –≤ –ö—Ä–∞—Å–Ω–æ–µ –°–µ–ª–æ|–ü–∞–≤–ª–æ–≤–∞ –≤ –ö—Ä–∞—Å–Ω–æ–µ –°–µ–ª–æ
kronshtadt,–¢–æ—Ä—Ç—ã –Ω–∞ –∑–∞–∫–∞–∑ –≤ –ö—Ä–æ–Ω—à—Ç–∞–¥—Ç–µ ‚Äî Milovi Cake | –î–æ—Å—Ç–∞–≤–∫–∞ –∏–∑ –°–ü–±,"–°–≤–∞–¥–µ–±–Ω—ã–π —Ç–æ—Ä—Ç, —Ç–æ—Ä—Ç –Ω–∞ –¥–µ–Ω—å —Ä–æ–∂–¥–µ–Ω–∏—è, –¥–µ—Ç—Å–∫–∏–π —Ç–æ—Ä—Ç –Ω–∞ –∑–∞–∫–∞–∑ –≤ –ö—Ä–æ–Ω—à—Ç–∞–¥—Ç –æ—Ç —á–∞—Å—Ç–Ω–æ–≥–æ –∫–æ–Ω–¥–∏—Ç–µ—Ä–∞. –î–æ—Å—Ç–∞–≤–∫–∞ –∏–∑ –°–ü–±. –†—É—á–Ω–∞—è —Ä–∞–±–æ—Ç–∞, –Ω–∞—Ç—É—Ä–∞–ª—å–Ω—ã–µ –∏–Ω–≥—Ä–µ–¥–∏–µ–Ω—Ç—ã.",Milovi Cake ‚Äî –¢–æ—Ä—Ç—ã –Ω–∞ –∑–∞–∫–∞–∑ –≤ –ö—Ä–æ–Ω—à—Ç–∞–¥—Ç–µ,"–ß–∞—Å—Ç–Ω—ã–π –∫–æ–Ω–¥–∏—Ç–µ—Ä ‚Äî –¥–æ—Å—Ç–∞–≤–ª—è–µ–º –∞–≤—Ç–æ—Ä—Å–∫–∏–µ —Ç–æ—Ä—Ç—ã –∏ –¥–µ—Å–µ—Ä—Ç—ã —Ä—É—á–Ω–æ–π —Ä–∞–±–æ—Ç—ã –≤ –ö—Ä–æ–Ω—à—Ç–∞–¥—Ç. –ë–∏—Å–∫–≤–∏—Ç–Ω—ã–µ, –±–µ–Ω—Ç–æ, 3D-—Ç–æ—Ä—Ç—ã, –º–µ—Ä–µ–Ω–≥–æ–≤—ã–µ —Ä—É–ª–µ—Ç—ã –∏ –ü–∞–≤–ª–æ–≤–∞.",/prigorody/kronshtadt/,–ö—Ä–æ–Ω—à—Ç–∞–¥—Ç–µ,–ö—Ä–æ–Ω—à—Ç–∞–¥—Ç,–ö—Ä–æ–Ω—à—Ç–∞–¥—Ç,–ö—Ä–æ–Ω—à—Ç–∞–¥—Ç–µ,–î–æ—Å—Ç–∞–≤–∫–∞ –≤ –ö—Ä–æ–Ω—à—Ç–∞–¥—Ç ¬∑ –û—Å—Ç—Ä–æ–≤ –ö–æ—Ç–ª–∏–Ω ¬∑ –°–ü–±,–ö—Ä–æ–Ω—à—Ç–∞–¥—Ç–µ,–ê–≤—Ç–æ—Ä—Å–∫–∏–µ —Ç–æ—Ä—Ç—ã –∏ –¥–µ—Å–µ—Ä—Ç—ã —Ä—É—á–Ω–æ–π —Ä–∞–±–æ—Ç—ã —Å –¥–æ—Å—Ç–∞–≤–∫–æ–π –≤ –ö—Ä–æ–Ω—à—Ç–∞–¥—Ç –Ω–∞ –æ—Å—Ç—Ä–æ–≤ –ö–æ—Ç–ª–∏–Ω –ø—Ä—è–º–æ –∫ –≤–∞—à–µ–º—É –ø—Ä–∞–∑–¥–Ω–∏–∫—É,–ò–∑–≥–æ—Ç–æ–≤–ª–µ–Ω–∏–µ –æ—Ç 2 –¥–Ω–µ–π,–ö—Ä–æ–Ω—à—Ç–∞–¥—Ç,"–ö–∞–∂–¥—ã–π —Ç–æ—Ä—Ç —Å–æ–±–∏—Ä–∞–µ–º –≤—Ä—É—á–Ω—É—é –∏ –¥–æ—Å—Ç–∞–≤–ª—è–µ–º –ø—Ä—è–º–æ –∫ –≤–∞—à–µ–º—É –ø—Ä–∞–∑–¥–Ω–∏–∫—É</p>
    <div class=""catalog-grid"" id=""catalogGrid"">
      <!-- rendered by JS -->
    </div>
  </div>
</section>

<section id=""why"">
  <div class=""container"">
    <h2 class=""section-title reveal"">–ü–æ—á–µ–º—É –í—ã–±–∏—Ä–∞—é—Ç –ù–∞—Å</h2>
    <div class=""features-grid"">
      <div class=""feature reveal"">
        <div class=""feature-icon"">ü§ç</div>
        <h4>–†—É—á–Ω–∞—è –†–∞–±–æ—Ç–∞</h4>
        <p>–ö–∞–∂–¥—ã–π –¥–µ—Å–µ—Ä—Ç —Å–æ–∑–¥–∞—ë—Ç—Å—è —Å –ª—é–±–æ–≤—å—é –∏ –∑–∞–±–æ—Ç–æ–π –≤—Ä—É—á–Ω—É—é</p>
      </div>
      <div class=""feature reveal"">
        <div class=""feature-icon"">üåø</div>
        <h4>–ù–∞—Ç—É—Ä–∞–ª—å–Ω—ã–µ –ò–Ω–≥—Ä–µ–¥–∏–µ–Ω—Ç—ã</h4>
        <p>–¢–æ–ª—å–∫–æ –∫–∞—á–µ—Å—Ç–≤–µ–Ω–Ω—ã–µ –ø—Ä–æ–¥—É–∫—Ç—ã –±–µ–∑ –∏—Å–∫—É—Å—Å—Ç–≤–µ–Ω–Ω—ã—Ö –¥–æ–±–∞–≤–æ–∫</p>
      </div>
      <div class=""feature reveal"">
        <div class=""feature-icon"">üéØ</div>
        <h4>–°–≤–µ–∂–µ—Å—Ç—å –ü–æ–¥ –ó–∞–∫–∞–∑</h4>
        <p>–ì–æ—Ç–æ–≤–∏–º —Å–ø–µ—Ü–∏–∞–ª—å–Ω–æ –¥–ª—è –≤–∞—Å, –≤—Å–µ–≥–¥–∞ —Å–≤–µ–∂–µ–µ</p>
      </div>
      <div class=""feature reveal"">
        <div class=""feature-icon"">üì¶</div>
        <h4>–î–æ—Å—Ç–∞–≤–∫–∞ –ü–æ –°–ü–±</h4>
        <p>–ê–∫–∫—É—Ä–∞—Ç–Ω–∞—è –¥–æ—Å—Ç–∞–≤–∫–∞ –≤ –∫—Ä–∞—Å–∏–≤–æ–π —É–ø–∞–∫–æ–≤–∫–µ</p>
      </div>
    </div>
  </div>
</section>

<section id=""reviews"" style=""background:var(--white);padding:100px 60px;"">
  <div class=""container"">
    <h2 class=""section-title reveal"">–û—Ç–∑—ã–≤—ã –ö–ª–∏–µ–Ω—Ç–æ–≤</h2>
    <p class=""section-sub reveal"">–î–æ—Å—Ç–∞–≤–ª—è–µ–º —Ä–∞–¥–æ—Å—Ç—å –≤ –°–ü–± –∏ –ö—Ä–æ–Ω—à—Ç–∞–¥—Ç",–ö—Ä–æ–Ω—à—Ç–∞–¥—Ç –∏ –æ—Å—Ç—Ä–æ–≤ –ö–æ—Ç–ª–∏–Ω,"Milovi Cake ‚Äî —á–∞—Å—Ç–Ω—ã–π –∫–æ–Ω–¥–∏—Ç–µ—Ä, –¥–æ—Å—Ç–∞–≤–ª—è–µ—Ç –∞–≤—Ç–æ—Ä—Å–∫–∏–µ —Ç–æ—Ä—Ç—ã –∏ –¥–µ—Å–µ—Ä—Ç—ã –≤ –ö—Ä–æ–Ω—à—Ç–∞–¥—Ç. –î–æ—Å—Ç–∞–≤–∫–∞ –∏–∑ –°–∞–Ω–∫—Ç-–ü–µ—Ç–µ—Ä–±—É—Ä–≥–∞ –ø–æ –¥–∞–º–±–µ ‚Äî —Å–æ–±—Å—Ç–≤–µ–Ω–Ω–æ–π —Å–ª—É–∂–±–æ–π –ø–æ –¥–æ–≥–æ–≤–æ—Ä—ë–Ω–Ω–æ—Å—Ç–∏ –∏–ª–∏ —á–µ—Ä–µ–∑ –Ø–Ω–¥–µ–∫—Å.–î–æ—Å—Ç–∞–≤–∫—É. –ü—Ä–∏–Ω–∏–º–∞–µ–º –∑–∞–∫–∞–∑—ã –∑–∞—Ä–∞–Ω–µ–µ –∏ –ø—Ä–∏–≤–æ–∑–∏–º —Ç–æ—Ä—Ç —Å–≤–µ–∂–∏–º –ø—Ä—è–º–æ –∫ –≤–∞—à–µ–º—É –ø—Ä–∞–∑–¥–Ω–∏–∫—É.",,–ß–∞—Å—Ç–Ω—ã–π –∫–æ–Ω–¥–∏—Ç–µ—Ä —Å –¥–æ—Å—Ç–∞–≤–∫–æ–π –≤ –ö—Ä–æ–Ω—à—Ç–∞–¥—Ç ‚Äî Milovi Cake,"–ò—â–µ—Ç–µ —Ç–æ—Ä—Ç –Ω–∞ –∑–∞–∫–∞–∑ –≤ –ö—Ä–æ–Ω—à—Ç–∞–¥—Ç–µ? Milovi Cake ‚Äî —á–∞—Å—Ç–Ω—ã–π –∫–æ–Ω–¥–∏—Ç–µ—Ä –∏–∑ –°–∞–Ω–∫—Ç-–ü–µ—Ç–µ—Ä–±—É—Ä–≥–∞, –¥–æ—Å—Ç–∞–≤–ª—è—é—â–∏–π –∞–≤—Ç–æ—Ä—Å–∫–∏–µ —Ç–æ—Ä—Ç—ã –≤ –ö—Ä–æ–Ω—à—Ç–∞–¥—Ç. –ö–∞–∂–¥—ã–π —Ç–æ—Ä—Ç –¥–µ–ª–∞–µ—Ç—Å—è –≤—Ä—É—á–Ω—É—é, –Ω–∞ –Ω–∞—Ç—É—Ä–∞–ª—å–Ω—ã—Ö —Å–ª–∏–≤–∫–∞—Ö –∏ –∫–∞—á–µ—Å—Ç–≤–µ–Ω–Ω–æ–º —Å—ã—Ä–µ –∫—Ä–µ–º-—á–∏–∑, –±–µ–∑ –≥–æ—Ç–æ–≤—ã—Ö —Å–º–µ—Å–µ–π –∏ —Ä–∞—Å—Ç–∏—Ç–µ–ª—å–Ω—ã—Ö –∑–∞–º–µ–Ω–∏—Ç–µ–ª–µ–π. –í—ã –≤—ã–±–∏—Ä–∞–µ—Ç–µ –≤–∫—É—Å, —Ä–∞–∑–º–µ—Ä –∏ –æ—Ñ–æ—Ä–º–ª–µ–Ω–∏–µ ‚Äî —è —Å–æ–∑–¥–∞—é –¥–µ—Å–µ—Ä—Ç –∏–º–µ–Ω–Ω–æ –ø–æ–¥ –≤–∞—à –ø—Ä–∞–∑–¥–Ω–∏–∫.","–î–ª—è –∂–∏—Ç–µ–ª–µ–π –ö—Ä–æ–Ω—à—Ç–∞–¥—Ç–∞ –¥–æ—Å—Ç—É–ø–Ω—ã –≤–∞–Ω–∏–ª—å–Ω—ã–µ —Ç–æ—Ä—Ç—ã –Ω–∞ –∑–∞–∫–∞–∑: ¬´–í–æ–∑–¥—É—à–Ω—ã–π –ø–æ—Ü–µ–ª—É–π¬ª —Å –∫–ª—É–±–Ω–∏—á–Ω–æ–π –Ω–∞—á–∏–Ω–∫–æ–π, ¬´–í–∞–Ω–∏–ª—å–Ω–∞—è –≤–∏—à–Ω—è¬ª, ¬´–í–∞–Ω–∏–ª—å–Ω—ã–π –º–∏–∫—Å —è–≥–æ–¥¬ª —Å –º–∞–ª–∏–Ω–æ–π –∏ –≥–æ–ª—É–±–∏–∫–æ–π, ¬´–í–∞–Ω–∏–ª—å–Ω—ã–µ —Ç—Ä–æ–ø–∏–∫–∏¬ª —Å –∫—É—Ä–¥–æ–º –º–∞–Ω–≥–æ-–º–∞—Ä–∞–∫—É–π—è, ¬´–ë–µ–ª—ã–π —Å–Ω–∏–∫–µ—Ä—Å¬ª —Å –¥–æ–º–∞—à–Ω–µ–π —Å–æ–ª—ë–Ω–æ–π –∫–∞—Ä–∞–º–µ–ª—å—é. –ò–∑ —à–æ–∫–æ–ª–∞–¥–Ω—ã—Ö ‚Äî ¬´–í–∏—à–Ω—è –≤ —à–æ–∫–æ–ª–∞–¥–µ¬ª, ¬´–®–æ–∫–æ–ª–∞–¥–Ω—ã–π –º–∏–∫—Å —è–≥–æ–¥¬ª, ¬´–°–Ω–∏–∫–µ—Ä—Å¬ª —Å –∞—Ä–∞—Ö–∏—Å–æ–º, ¬´–§–µ—Ä—Ä–µ—Ä–æ¬ª —Å —Ö—Ä—É—Å—Ç—è—â–µ–π –≤–∞—Ñ–ª–µ–π. –ò–∑ –∫–ª–∞—Å—Å–∏–∫–∏ —Ç–æ—Ä—Ç–æ–≤ –Ω–∞ –∑–∞–∫–∞–∑ ‚Äî ¬´–ö—Ä–∞—Å–Ω—ã–π –±–∞—Ä—Ö–∞—Ç¬ª –∏ –¥–æ–º–∞—à–Ω–∏–π ¬´–ú–µ–¥–æ–≤–∏–∫¬ª.","–ú–µ—Ä–µ–Ω–≥–æ–≤—ã–µ —Ä—É–ª–µ—Ç—ã –Ω–∞ –∑–∞–∫–∞–∑ —Å –¥–æ—Å—Ç–∞–≤–∫–æ–π –≤ –ö—Ä–æ–Ω—à—Ç–∞–¥—Ç –∏ –ø–∏—Ä–æ–∂–Ω–æ–µ –ü–∞–≤–ª–æ–≤–∞ ‚Äî –±–µ–∑–≥–ª—é—Ç–µ–Ω–æ–≤—ã–µ –¥–µ—Å–µ—Ä—Ç—ã —Å —Ö—Ä—É—Å—Ç—è—â–µ–π –º–µ—Ä–µ–Ω–≥–æ–π, –Ω–µ–∂–Ω—ã–º –∫—Ä–µ–º–æ–º –∏ —Å–≤–µ–∂–∏–º–∏ —è–≥–æ–¥–∞–º–∏. –ü—Ä–∏–Ω–∏–º–∞–µ–º –∑–∞–∫–∞–∑—ã –Ω–∞ —Ç–æ—Ä—Ç—ã –¥–ª—è –¥–Ω–µ–π —Ä–æ–∂–¥–µ–Ω–∏—è –≤ –ö—Ä–æ–Ω—à—Ç–∞–¥—Ç–µ, —Å–≤–∞–¥–µ–±, –¥–µ—Ç—Å–∫–∏—Ö –ø—Ä–∞–∑–¥–Ω–∏–∫–æ–≤ –∏ –∫–æ—Ä–ø–æ—Ä–∞—Ç–∏–≤–æ–≤. –î–æ—Å—Ç–∞–≤–∫–∞ —Ç–æ—Ä—Ç–æ–≤ –≤ –ö—Ä–æ–Ω—à—Ç–∞–¥—Ç ‚Äî —Å–æ–±—Å—Ç–≤–µ–Ω–Ω–æ–π —Å–ª—É–∂–±–æ–π –∏–ª–∏ —á–µ—Ä–µ–∑ –Ø–Ω–¥–µ–∫—Å.–î–æ—Å—Ç–∞–≤–∫—É.",–¢–æ—Ä—Ç—ã –≤ –ö—Ä–æ–Ω—à—Ç–∞–¥—Ç–µ|–¢–æ—Ä—Ç –Ω–∞ –¥–µ–Ω—å —Ä–æ–∂–¥–µ–Ω–∏—è –≤ –ö—Ä–æ–Ω—à—Ç–∞–¥—Ç–µ|–¢–æ—Ä—Ç –Ω–∞ —Å–≤–∞–¥—å–±—É –≤ –ö—Ä–æ–Ω—à—Ç–∞–¥—Ç–µ|–î–µ—Ç—Å–∫–∏–π —Ç–æ—Ä—Ç –≤ –ö—Ä–æ–Ω—à—Ç–∞–¥—Ç|–ú–µ—Ä–µ–Ω–≥–æ–≤—ã–π —Ä—É–ª–µ—Ç –≤ –ö—Ä–æ–Ω—à—Ç–∞–¥—Ç|–ë–µ–Ω—Ç–æ —Ç–æ—Ä—Ç –≤ –ö—Ä–æ–Ω—à—Ç–∞–¥—Ç|–ü–∞–≤–ª–æ–≤–∞ –≤ –ö—Ä–æ–Ω—à—Ç–∞–¥—Ç|–ê–≤—Ç–æ—Ä—Å–∫–∏–π —Ç–æ—Ä—Ç –ö—Ä–æ–Ω—à—Ç–∞–¥—Ç
kudrovo,–¢–æ—Ä—Ç—ã –Ω–∞ –∑–∞–∫–∞–∑ –≤ –ö—É–¥—Ä–æ–≤–æ ‚Äî Milovi Cake | –î–æ—Å—Ç–∞–≤–∫–∞ –∏–∑ –°–ü–±,"–°–≤–∞–¥–µ–±–Ω—ã–π —Ç–æ—Ä—Ç, —Ç–æ—Ä—Ç –Ω–∞ –¥–µ–Ω—å —Ä–æ–∂–¥–µ–Ω–∏—è, –¥–µ—Ç—Å–∫–∏–π —Ç–æ—Ä—Ç –Ω–∞ –∑–∞–∫–∞–∑ –≤ –ö—É–¥—Ä–æ–≤–æ –æ—Ç —á–∞—Å—Ç–Ω–æ–≥–æ –∫–æ–Ω–¥–∏—Ç–µ—Ä–∞. –î–æ—Å—Ç–∞–≤–∫–∞ –∏–∑ –°–ü–±. –†—É—á–Ω–∞—è —Ä–∞–±–æ—Ç–∞, –Ω–∞—Ç—É—Ä–∞–ª—å–Ω—ã–µ –∏–Ω–≥—Ä–µ–¥–∏–µ–Ω—Ç—ã.",Milovi Cake ‚Äî –¢–æ—Ä—Ç—ã –Ω–∞ –∑–∞–∫–∞–∑ –≤ –ö—É–¥—Ä–æ–≤–æ,"–ß–∞—Å—Ç–Ω—ã–π –∫–æ–Ω–¥–∏—Ç–µ—Ä ‚Äî –¥–æ—Å—Ç–∞–≤–ª—è–µ–º –∞–≤—Ç–æ—Ä—Å–∫–∏–µ —Ç–æ—Ä—Ç—ã –∏ –¥–µ—Å–µ—Ä—Ç—ã —Ä—É—á–Ω–æ–π —Ä–∞–±–æ—Ç—ã –≤ –ö—É–¥—Ä–æ–≤–æ. –ë–∏—Å–∫–≤–∏—Ç–Ω—ã–µ, –±–µ–Ω—Ç–æ, 3D-—Ç–æ—Ä—Ç—ã, –º–µ—Ä–µ–Ω–≥–æ–≤—ã–µ —Ä—É–ª–µ—Ç—ã –∏ –ü–∞–≤–ª–æ–≤–∞.",/prigorody/kudrovo/,–ö—É–¥—Ä–æ–≤–æ,–ö—É–¥—Ä–æ–≤–æ,–ö—É–¥—Ä–æ–≤–æ,–ö—É–¥—Ä–æ–≤–æ,–î–æ—Å—Ç–∞–≤–∫–∞ –≤ –ö—É–¥—Ä–æ–≤–æ ¬∑ –ú—É—Ä–∏–Ω–æ ¬∑ –í—Å–µ–≤–æ–ª–æ–∂—Å–∫,–ö—É–¥—Ä–æ–≤–æ,"–ê–≤—Ç–æ—Ä—Å–∫–∏–µ —Ç–æ—Ä—Ç—ã –∏ –¥–µ—Å–µ—Ä—Ç—ã —Ä—É—á–Ω–æ–π —Ä–∞–±–æ—Ç—ã —Å –¥–æ—Å—Ç–∞–≤–∫–æ–π –≤ –ö—É–¥—Ä–æ–≤–æ, –ú—É—Ä–∏–Ω–æ –∏ –í—Å–µ–≤–æ–ª–æ–∂—Å–∫ –ø—Ä—è–º–æ –∫ –≤–∞—à–µ–º—É –ø—Ä–∞–∑–¥–Ω–∏–∫—É",–ò–∑–≥–æ—Ç–æ–≤–ª–µ–Ω–∏–µ –æ—Ç 2 –¥–Ω–µ–π,–ö—É–¥—Ä–æ–≤–æ,"–ö–∞–∂–¥—ã–π —Ç–æ—Ä—Ç —Å–æ–±–∏—Ä–∞–µ–º –≤—Ä—É—á–Ω—É—é –∏ –¥–æ—Å—Ç–∞–≤–ª—è–µ–º –ø—Ä—è–º–æ –∫ –≤–∞—à–µ–º—É –ø—Ä–∞–∑–¥–Ω–∏–∫—É</p>
    <div class=""catalog-grid"" id=""catalogGrid"">
      <!-- rendered by JS -->
    </div>
  </div>
</section>

<section id=""why"">
  <div class=""container"">
    <h2 class=""section-title reveal"">–ü–æ—á–µ–º—É –í—ã–±–∏—Ä–∞—é—Ç –ù–∞—Å</h2>
    <div class=""features-grid"">
      <div class=""feature reveal"">
        <div class=""feature-icon"">ü§ç</div>
        <h4>–†—É—á–Ω–∞—è –†–∞–±–æ—Ç–∞</h4>
        <p>–ö–∞–∂–¥—ã–π –¥–µ—Å–µ—Ä—Ç —Å–æ–∑–¥–∞—ë—Ç—Å—è —Å –ª—é–±–æ–≤—å—é –∏ –∑–∞–±–æ—Ç–æ–π –≤—Ä—É—á–Ω—É—é</p>
      </div>
      <div class=""feature reveal"">
        <div class=""feature-icon"">üåø</div>
        <h4>–ù–∞—Ç—É—Ä–∞–ª—å–Ω—ã–µ –ò–Ω–≥—Ä–µ–¥–∏–µ–Ω—Ç—ã</h4>
        <p>–¢–æ–ª—å–∫–æ –∫–∞—á–µ—Å—Ç–≤–µ–Ω–Ω—ã–µ –ø—Ä–æ–¥—É–∫—Ç—ã –±–µ–∑ –∏—Å–∫—É—Å—Å—Ç–≤–µ–Ω–Ω—ã—Ö –¥–æ–±–∞–≤–æ–∫</p>
      </div>
      <div class=""feature reveal"">
        <div class=""feature-icon"">üéØ</div>
        <h4>–°–≤–µ–∂–µ—Å—Ç—å –ü–æ–¥ –ó–∞–∫–∞–∑</h4>
        <p>–ì–æ—Ç–æ–≤–∏–º —Å–ø–µ—Ü–∏–∞–ª—å–Ω–æ –¥–ª—è –≤–∞—Å, –≤—Å–µ–≥–¥–∞ —Å–≤–µ–∂–µ–µ</p>
      </div>
      <div class=""feature reveal"">
        <div class=""feature-icon"">üì¶</div>
        <h4>–î–æ—Å—Ç–∞–≤–∫–∞ –ü–æ –°–ü–±</h4>
        <p>–ê–∫–∫—É—Ä–∞—Ç–Ω–∞—è –¥–æ—Å—Ç–∞–≤–∫–∞ –≤ –∫—Ä–∞—Å–∏–≤–æ–π —É–ø–∞–∫–æ–≤–∫–µ</p>
      </div>
    </div>
  </div>
</section>

<section id=""reviews"" style=""background:var(--white);padding:100px 60px;"">
  <div class=""container"">
    <h2 class=""section-title reveal"">–û—Ç–∑—ã–≤—ã –ö–ª–∏–µ–Ω—Ç–æ–≤</h2>
    <p class=""section-sub reveal"">–î–æ—Å—Ç–∞–≤–ª—è–µ–º —Ä–∞–¥–æ—Å—Ç—å –≤ –°–ü–± –∏ –ö—É–¥—Ä–æ–≤–æ",–ö—É–¥—Ä–æ–≤–æ –∏ –ú—É—Ä–∏–Ω–æ,"Milovi Cake ‚Äî —á–∞—Å—Ç–Ω—ã–π –∫–æ–Ω–¥–∏—Ç–µ—Ä, –¥–æ—Å—Ç–∞–≤–ª—è–µ—Ç –∞–≤—Ç–æ—Ä—Å–∫–∏–µ —Ç–æ—Ä—Ç—ã –∏ –¥–µ—Å–µ—Ä—Ç—ã –≤ –ö—É–¥—Ä–æ–≤–æ, –ú—É—Ä–∏–Ω–æ –∏ –í—Å–µ–≤–æ–ª–æ–∂—Å–∫. –î–æ—Å—Ç–∞–≤–∫–∞ –∏–∑ –°–∞–Ω–∫—Ç-–ü–µ—Ç–µ—Ä–±—É—Ä–≥–∞ ‚Äî —Å–æ–±—Å—Ç–≤–µ–Ω–Ω–æ–π —Å–ª—É–∂–±–æ–π –ø–æ –¥–æ–≥–æ–≤–æ—Ä—ë–Ω–Ω–æ—Å—Ç–∏ –∏–ª–∏ —á–µ—Ä–µ–∑ –Ø–Ω–¥–µ–∫—Å.–î–æ—Å—Ç–∞–≤–∫—É. –ü—Ä–∏–Ω–∏–º–∞–µ–º –∑–∞–∫–∞–∑—ã –∑–∞—Ä–∞–Ω–µ–µ –∏ –ø—Ä–∏–≤–æ–∑–∏–º —Ç–æ—Ä—Ç —Å–≤–µ–∂–∏–º –ø—Ä—è–º–æ –∫ –≤–∞—à–µ–º—É –ø—Ä–∞–∑–¥–Ω–∏–∫—É.",,–ß–∞—Å—Ç–Ω—ã–π –∫–æ–Ω–¥–∏—Ç–µ—Ä —Å –¥–æ—Å—Ç–∞–≤–∫–æ–π –≤ –ö—É–¥—Ä–æ–≤–æ ‚Äî Milovi Cake,"–ò—â–µ—Ç–µ —Ç–æ—Ä—Ç –Ω–∞ –∑–∞–∫–∞–∑ –≤ –ö—É–¥—Ä–æ–≤–æ? Milovi Cake ‚Äî —á–∞—Å—Ç–Ω—ã–π –∫–æ–Ω–¥–∏—Ç–µ—Ä –∏–∑ –°–∞–Ω–∫—Ç-–ü–µ—Ç–µ—Ä–±—É—Ä–≥–∞, –¥–æ—Å—Ç–∞–≤–ª—è—é—â–∏–π –∞–≤—Ç–æ—Ä—Å–∫–∏–µ —Ç–æ—Ä—Ç—ã –≤ –ö—É–¥—Ä–æ–≤–æ. –ö–∞–∂–¥—ã–π —Ç–æ—Ä—Ç –¥–µ–ª–∞–µ—Ç—Å—è –≤—Ä—É—á–Ω—É—é, –Ω–∞ –Ω–∞—Ç—É—Ä–∞–ª—å–Ω—ã—Ö —Å–ª–∏–≤–∫–∞—Ö –∏ –∫–∞—á–µ—Å—Ç–≤–µ–Ω–Ω–æ–º —Å—ã—Ä–µ –∫—Ä–µ–º-—á–∏–∑, –±–µ–∑ –≥–æ—Ç–æ–≤—ã—Ö —Å–º–µ—Å–µ–π –∏ —Ä–∞—Å—Ç–∏—Ç–µ–ª—å–Ω—ã—Ö –∑–∞–º–µ–Ω–∏—Ç–µ–ª–µ–π. –í—ã –≤—ã–±–∏—Ä–∞–µ—Ç–µ –≤–∫—É—Å, —Ä–∞–∑–º–µ—Ä –∏ –æ—Ñ–æ—Ä–º–ª–µ–Ω–∏–µ ‚Äî —è —Å–æ–∑–¥–∞—é –¥–µ—Å–µ—Ä—Ç –∏–º–µ–Ω–Ω–æ –ø–æ–¥ –≤–∞—à –ø—Ä–∞–∑–¥–Ω–∏–∫.","–î–ª—è –∂–∏—Ç–µ–ª–µ–π –ö—É–¥—Ä–æ–≤–æ –¥–æ—Å—Ç—É–ø–Ω—ã –≤–∞–Ω–∏–ª—å–Ω—ã–µ —Ç–æ—Ä—Ç—ã –Ω–∞ –∑–∞–∫–∞–∑: ¬´–í–æ–∑–¥—É—à–Ω—ã–π –ø–æ—Ü–µ–ª—É–π¬ª —Å –∫–ª—É–±–Ω–∏—á–Ω–æ–π –Ω–∞—á–∏–Ω–∫–æ–π, ¬´–í–∞–Ω–∏–ª—å–Ω–∞—è –≤–∏—à–Ω—è¬ª, ¬´–í–∞–Ω–∏–ª—å–Ω—ã–π –º–∏–∫—Å —è–≥–æ–¥¬ª —Å –º–∞–ª–∏–Ω–æ–π –∏ –≥–æ–ª—É–±–∏–∫–æ–π, ¬´–í–∞–Ω–∏–ª—å–Ω—ã–µ —Ç—Ä–æ–ø–∏–∫–∏¬ª —Å –∫—É—Ä–¥–æ–º –º–∞–Ω–≥–æ-–º–∞—Ä–∞–∫—É–π—è, ¬´–ë–µ–ª—ã–π —Å–Ω–∏–∫–µ—Ä—Å¬ª —Å –¥–æ–º–∞—à–Ω–µ–π —Å–æ–ª—ë–Ω–æ–π –∫–∞—Ä–∞–º–µ–ª—å—é. –ò–∑ —à–æ–∫–æ–ª–∞–¥–Ω—ã—Ö ‚Äî ¬´–í–∏—à–Ω—è –≤ —à–æ–∫–æ–ª–∞–¥–µ¬ª, ¬´–®–æ–∫–æ–ª–∞–¥–Ω—ã–π –º–∏–∫—Å —è–≥–æ–¥¬ª, ¬´–°–Ω–∏–∫–µ—Ä—Å¬ª —Å –∞—Ä–∞—Ö–∏—Å–æ–º, ¬´–§–µ—Ä—Ä–µ—Ä–æ¬ª —Å —Ö—Ä—É—Å—Ç—è—â–µ–π –≤–∞—Ñ–ª–µ–π. –ò–∑ –∫–ª–∞—Å—Å–∏–∫–∏ —Ç–æ—Ä—Ç–æ–≤ –Ω–∞ –∑–∞–∫–∞–∑ ‚Äî ¬´–ö—Ä–∞—Å–Ω—ã–π –±–∞—Ä—Ö–∞—Ç¬ª –∏ –¥–æ–º–∞—à–Ω–∏–π ¬´–ú–µ–¥–æ–≤–∏–∫¬ª.","–ú–µ—Ä–µ–Ω–≥–æ–≤—ã–µ —Ä—É–ª–µ—Ç—ã –Ω–∞ –∑–∞–∫–∞–∑ —Å –¥–æ—Å—Ç–∞–≤–∫–æ–π –≤ –ö—É–¥—Ä–æ–≤–æ –∏ –ø–∏—Ä–æ–∂–Ω–æ–µ –ü–∞–≤–ª–æ–≤–∞ ‚Äî –±–µ–∑–≥–ª—é—Ç–µ–Ω–æ–≤—ã–µ –¥–µ—Å–µ—Ä—Ç—ã —Å —Ö—Ä—É—Å—Ç—è—â–µ–π –º–µ—Ä–µ–Ω–≥–æ–π, –Ω–µ–∂–Ω—ã–º –∫—Ä–µ–º–æ–º –∏ —Å–≤–µ–∂–∏–º–∏ —è–≥–æ–¥–∞–º–∏. –ü—Ä–∏–Ω–∏–º–∞–µ–º –∑–∞–∫–∞–∑—ã –Ω–∞ —Ç–æ—Ä—Ç—ã –¥–ª—è –¥–Ω–µ–π —Ä–æ–∂–¥–µ–Ω–∏—è –≤ –ö—É–¥—Ä–æ–≤–æ, —Å–≤–∞–¥–µ–±, –¥–µ—Ç—Å–∫–∏—Ö –ø—Ä–∞–∑–¥–Ω–∏–∫–æ–≤ –∏ –∫–æ—Ä–ø–æ—Ä–∞—Ç–∏–≤–æ–≤. –î–æ—Å—Ç–∞–≤–∫–∞ —Ç–æ—Ä—Ç–æ–≤ –≤ –ö—É–¥—Ä–æ–≤–æ, –ú—É—Ä–∏–Ω–æ –∏ –í—Å–µ–≤–æ–ª–æ–∂—Å–∫ ‚Äî —Å–æ–±—Å—Ç–≤–µ–Ω–Ω–æ–π —Å–ª—É–∂–±–æ–π –∏–ª–∏ —á–µ—Ä–µ–∑ –Ø–Ω–¥–µ–∫—Å.–î–æ—Å—Ç–∞–≤–∫—É.",–¢–æ—Ä—Ç—ã –≤ –ö—É–¥—Ä–æ–≤–æ|–¢–æ—Ä—Ç—ã –≤ –ú—É—Ä–∏–Ω–æ|–¢–æ—Ä—Ç—ã –≤–æ –í—Å–µ–≤–æ–ª–æ–∂—Å–∫–µ|–¢–æ—Ä—Ç –Ω–∞ –¥–µ–Ω—å —Ä–æ–∂–¥–µ–Ω–∏—è –≤ –ö—É–¥—Ä–æ–≤–æ|–¢–æ—Ä—Ç –Ω–∞ —Å–≤–∞–¥—å–±—É –≤ –ö—É–¥—Ä–æ–≤–æ|–î–µ—Ç—Å–∫–∏–π —Ç–æ—Ä—Ç –≤ –ö—É–¥—Ä–æ–≤–æ|–ú–µ—Ä–µ–Ω–≥–æ–≤—ã–π —Ä—É–ª–µ—Ç –≤ –ö—É–¥—Ä–æ–≤–æ|–ë–µ–Ω—Ç–æ —Ç–æ—Ä—Ç –≤ –ö—É–¥—Ä–æ–≤–æ|–ü–∞–≤–ª–æ–≤–∞ –≤ –ö—É–¥—Ä–æ–≤–æ
lomonosov,–¢–æ—Ä—Ç—ã –Ω–∞ –∑–∞–∫–∞–∑ –≤ –õ–æ–º–æ–Ω–æ—Å–æ–≤–µ ‚Äî Milovi Cake | –î–æ—Å—Ç–∞–≤–∫–∞ –∏–∑ –°–ü–±,"–°–≤–∞–¥–µ–±–Ω—ã–π —Ç–æ—Ä—Ç, —Ç–æ—Ä—Ç –Ω–∞ –¥–µ–Ω—å —Ä–æ–∂–¥–µ–Ω–∏—è, –¥–µ—Ç—Å–∫–∏–π —Ç–æ—Ä—Ç –Ω–∞ –∑–∞–∫–∞–∑ –≤ –õ–æ–º–æ–Ω–æ—Å–æ–≤ –æ—Ç —á–∞—Å—Ç–Ω–æ–≥–æ –∫–æ–Ω–¥–∏—Ç–µ—Ä–∞. –î–æ—Å—Ç–∞–≤–∫–∞ –∏–∑ –°–ü–±. –†—É—á–Ω–∞—è —Ä–∞–±–æ—Ç–∞, –Ω–∞—Ç—É—Ä–∞–ª—å–Ω—ã–µ –∏–Ω–≥—Ä–µ–¥–∏–µ–Ω—Ç—ã.",Milovi Cake ‚Äî –¢–æ—Ä—Ç—ã –Ω–∞ –∑–∞–∫–∞–∑ –≤ –õ–æ–º–æ–Ω–æ—Å–æ–≤–µ,"–ß–∞—Å—Ç–Ω—ã–π –∫–æ–Ω–¥–∏—Ç–µ—Ä ‚Äî –¥–æ—Å—Ç–∞–≤–ª—è–µ–º –∞–≤—Ç–æ—Ä—Å–∫–∏–µ —Ç–æ—Ä—Ç—ã –∏ –¥–µ—Å–µ—Ä—Ç—ã —Ä—É—á–Ω–æ–π —Ä–∞–±–æ—Ç—ã –≤ –õ–æ–º–æ–Ω–æ—Å–æ–≤. –ë–∏—Å–∫–≤–∏—Ç–Ω—ã–µ, –±–µ–Ω—Ç–æ, 3D-—Ç–æ—Ä—Ç—ã, –º–µ—Ä–µ–Ω–≥–æ–≤—ã–µ —Ä—É–ª–µ—Ç—ã –∏ –ü–∞–≤–ª–æ–≤–∞.",/prigorody/lomonosov/,–õ–æ–º–æ–Ω–æ—Å–æ–≤–µ,–õ–æ–º–æ–Ω–æ—Å–æ–≤,–õ–æ–º–æ–Ω–æ—Å–æ–≤,–õ–æ–º–æ–Ω–æ—Å–æ–≤–µ,–î–æ—Å—Ç–∞–≤–∫–∞ –≤ –õ–æ–º–æ–Ω–æ—Å–æ–≤ ¬∑ –ü–µ—Ç–µ—Ä–≥–æ—Ñ ¬∑ –°—Ç—Ä–µ–ª—å–Ω–∞,–õ–æ–º–æ–Ω–æ—Å–æ–≤–µ,"–ê–≤—Ç–æ—Ä—Å–∫–∏–µ —Ç–æ—Ä—Ç—ã –∏ –¥–µ—Å–µ—Ä—Ç—ã —Ä—É—á–Ω–æ–π —Ä–∞–±–æ—Ç—ã —Å –¥–æ—Å—Ç–∞–≤–∫–æ–π –≤ –õ–æ–º–æ–Ω–æ—Å–æ–≤, –ü–µ—Ç–µ—Ä–≥–æ—Ñ –∏ –°—Ç—Ä–µ–ª—å–Ω—É –ø—Ä—è–º–æ –∫ –≤–∞—à–µ–º—É –ø—Ä–∞–∑–¥–Ω–∏–∫—É",–ò–∑–≥–æ—Ç–æ–≤–ª–µ–Ω–∏–µ –æ—Ç 2 –¥–Ω–µ–π,–õ–æ–º–æ–Ω–æ—Å–æ–≤,"–ö–∞–∂–¥—ã–π —Ç–æ—Ä—Ç —Å–æ–±–∏—Ä–∞–µ–º –≤—Ä—É—á–Ω—É—é –∏ –¥–æ—Å—Ç–∞–≤–ª—è–µ–º –ø—Ä—è–º–æ –∫ –≤–∞—à–µ–º—É –ø—Ä–∞–∑–¥–Ω–∏–∫—É</p>
    <div class=""catalog-grid"" id=""catalogGrid"">
      <!-- rendered by JS -->
    </div>
  </div>
</section>

<section id=""why"">
  <div class=""container"">
    <h2 class=""section-title reveal"">–ü–æ—á–µ–º—É –í—ã–±–∏—Ä–∞—é—Ç –ù–∞—Å</h2>
    <div class=""features-grid"">
      <div class=""feature reveal"">
        <div class=""feature-icon"">ü§ç</div>
        <h4>–†—É—á–Ω–∞—è –†–∞–±–æ—Ç–∞</h4>
        <p>–ö–∞–∂–¥—ã–π –¥–µ—Å–µ—Ä—Ç —Å–æ–∑–¥–∞—ë—Ç—Å—è —Å –ª—é–±–æ–≤—å—é –∏ –∑–∞–±–æ—Ç–æ–π –≤—Ä—É—á–Ω—É—é</p>
      </div>
      <div class=""feature reveal"">
        <div class=""feature-icon"">üåø</div>
        <h4>–ù–∞—Ç—É—Ä–∞–ª—å–Ω—ã–µ –ò–Ω–≥—Ä–µ–¥–∏–µ–Ω—Ç—ã</h4>
        <p>–¢–æ–ª—å–∫–æ –∫–∞—á–µ—Å—Ç–≤–µ–Ω–Ω—ã–µ –ø—Ä–æ–¥—É–∫—Ç—ã –±–µ–∑ –∏—Å–∫—É—Å—Å—Ç–≤–µ–Ω–Ω—ã—Ö –¥–æ–±–∞–≤–æ–∫</p>
      </div>
      <div class=""feature reveal"">
        <div class=""feature-icon"">üéØ</div>
        <h4>–°–≤–µ–∂–µ—Å—Ç—å –ü–æ–¥ –ó–∞–∫–∞–∑</h4>
        <p>–ì–æ—Ç–æ–≤–∏–º —Å–ø–µ—Ü–∏–∞–ª—å–Ω–æ –¥–ª—è –≤–∞—Å, –≤—Å–µ–≥–¥–∞ —Å–≤–µ–∂–µ–µ</p>
      </div>
      <div class=""feature reveal"">
        <div class=""feature-icon"">üì¶</div>
        <h4>–î–æ—Å—Ç–∞–≤–∫–∞ –ü–æ –°–ü–±</h4>
        <p>–ê–∫–∫—É—Ä–∞—Ç–Ω–∞—è –¥–æ—Å—Ç–∞–≤–∫–∞ –≤ –∫—Ä–∞—Å–∏–≤–æ–π —É–ø–∞–∫–æ–≤–∫–µ</p>
      </div>
    </div>
  </div>
</section>

<section id=""reviews"" style=""background:var(--white);padding:100px 60px;"">
  <div class=""container"">
    <h2 class=""section-title reveal"">–û—Ç–∑—ã–≤—ã –ö–ª–∏–µ–Ω—Ç–æ–≤</h2>
    <p class=""section-sub reveal"">–î–æ—Å—Ç–∞–≤–ª—è–µ–º —Ä–∞–¥–æ—Å—Ç—å –≤ –°–ü–± –∏ –õ–æ–º–æ–Ω–æ—Å–æ–≤",–õ–æ–º–æ–Ω–æ—Å–æ–≤ –∏ –ü–µ—Ç–µ—Ä–≥–æ—Ñ,"Milovi Cake ‚Äî —á–∞—Å—Ç–Ω—ã–π –∫–æ–Ω–¥–∏—Ç–µ—Ä, –¥–æ—Å—Ç–∞–≤–ª—è–µ—Ç –∞–≤—Ç–æ—Ä—Å–∫–∏–µ —Ç–æ—Ä—Ç—ã –∏ –¥–µ—Å–µ—Ä—Ç—ã –≤ –õ–æ–º–æ–Ω–æ—Å–æ–≤ –∏ —Å–æ—Å–µ–¥–Ω–∏–π –ü–µ—Ç–µ—Ä–≥–æ—Ñ. –î–æ—Å—Ç–∞–≤–∫–∞ –∏–∑ –°–∞–Ω–∫—Ç-–ü–µ—Ç–µ—Ä–±—É—Ä–≥–∞ ‚Äî —Å–æ–±—Å—Ç–≤–µ–Ω–Ω–æ–π —Å–ª—É–∂–±–æ–π –ø–æ –¥–æ–≥–æ–≤–æ—Ä—ë–Ω–Ω–æ—Å—Ç–∏ –∏–ª–∏ —á–µ—Ä–µ–∑ –Ø–Ω–¥–µ–∫—Å.–î–æ—Å—Ç–∞–≤–∫—É. –ü—Ä–∏–Ω–∏–º–∞–µ–º –∑–∞–∫–∞–∑—ã –∑–∞—Ä–∞–Ω–µ–µ –∏ –ø—Ä–∏–≤–æ–∑–∏–º —Ç–æ—Ä—Ç —Å–≤–µ–∂–∏–º –ø—Ä—è–º–æ –∫ –≤–∞—à–µ–º—É –ø—Ä–∞–∑–¥–Ω–∏–∫—É.",,–ß–∞—Å—Ç–Ω—ã–π –∫–æ–Ω–¥–∏—Ç–µ—Ä —Å –¥–æ—Å—Ç–∞–≤–∫–æ–π –≤ –õ–æ–º–æ–Ω–æ—Å–æ–≤ ‚Äî Milovi Cake,"–ò—â–µ—Ç–µ —Ç–æ—Ä—Ç –Ω–∞ –∑–∞–∫–∞–∑ –≤ –õ–æ–º–æ–Ω–æ—Å–æ–≤–µ? Milovi Cake ‚Äî —á–∞—Å—Ç–Ω—ã–π –∫–æ–Ω–¥–∏—Ç–µ—Ä –∏–∑ –°–∞–Ω–∫—Ç-–ü–µ—Ç–µ—Ä–±—É—Ä–≥–∞, –¥–æ—Å—Ç–∞–≤–ª—è—é—â–∏–π –∞–≤—Ç–æ—Ä—Å–∫–∏–µ —Ç–æ—Ä—Ç—ã –≤ –õ–æ–º–æ–Ω–æ—Å–æ–≤. –ö–∞–∂–¥—ã–π —Ç–æ—Ä—Ç –¥–µ–ª–∞–µ—Ç—Å—è –≤—Ä—É—á–Ω—É—é, –Ω–∞ –Ω–∞—Ç—É—Ä–∞–ª—å–Ω—ã—Ö —Å–ª–∏–≤–∫–∞—Ö –∏ –∫–∞—á–µ—Å—Ç–≤–µ–Ω–Ω–æ–º —Å—ã—Ä–µ –∫—Ä–µ–º-—á–∏–∑, –±–µ–∑ –≥–æ—Ç–æ–≤—ã—Ö —Å–º–µ—Å–µ–π –∏ —Ä–∞—Å—Ç–∏—Ç–µ–ª—å–Ω—ã—Ö –∑–∞–º–µ–Ω–∏—Ç–µ–ª–µ–π. –í—ã –≤—ã–±–∏—Ä–∞–µ—Ç–µ –≤–∫—É—Å, —Ä–∞–∑–º–µ—Ä –∏ –æ—Ñ–æ—Ä–º–ª–µ–Ω–∏–µ ‚Äî —è —Å–æ–∑–¥–∞—é –¥–µ—Å–µ—Ä—Ç –∏–º–µ–Ω–Ω–æ –ø–æ–¥ –≤–∞—à –ø—Ä–∞–∑–¥–Ω–∏–∫.","–î–ª—è –∂–∏—Ç–µ–ª–µ–π –õ–æ–º–æ–Ω–æ—Å–æ–≤–∞ –¥–æ—Å—Ç—É–ø–Ω—ã –≤–∞–Ω–∏–ª—å–Ω—ã–µ —Ç–æ—Ä—Ç—ã –Ω–∞ –∑–∞–∫–∞–∑: ¬´–í–æ–∑–¥—É—à–Ω—ã–π –ø–æ—Ü–µ–ª—É–π¬ª —Å –∫–ª—É–±–Ω–∏—á–Ω–æ–π –Ω–∞—á–∏–Ω–∫–æ–π, ¬´–í–∞–Ω–∏–ª—å–Ω–∞—è –≤–∏—à–Ω—è¬ª, ¬´–í–∞–Ω–∏–ª—å–Ω—ã–π –º–∏–∫—Å —è–≥–æ–¥¬ª —Å –º–∞–ª–∏–Ω–æ–π –∏ –≥–æ–ª—É–±–∏–∫–æ–π, ¬´–í–∞–Ω–∏–ª—å–Ω—ã–µ —Ç—Ä–æ–ø–∏–∫–∏¬ª —Å –∫—É—Ä–¥–æ–º –º–∞–Ω–≥–æ-–º–∞—Ä–∞–∫—É–π—è, ¬´–ë–µ–ª—ã–π —Å–Ω–∏–∫–µ—Ä—Å¬ª —Å –¥–æ–º–∞—à–Ω–µ–π —Å–æ–ª—ë–Ω–æ–π –∫–∞—Ä–∞–º–µ–ª—å—é. –ò–∑ —à–æ–∫–æ–ª–∞–¥–Ω—ã—Ö ‚Äî ¬´–í–∏—à–Ω—è –≤ —à–æ–∫–æ–ª–∞–¥–µ¬ª, ¬´–®–æ–∫–æ–ª–∞–¥–Ω—ã–π –º–∏–∫—Å —è–≥–æ–¥¬ª, ¬´–°–Ω–∏–∫–µ—Ä—Å¬ª —Å –∞—Ä–∞—Ö–∏—Å–æ–º, ¬´–§–µ—Ä—Ä–µ—Ä–æ¬ª —Å —Ö—Ä—É—Å—Ç—è—â–µ–π –≤–∞—Ñ–ª–µ–π. –ò–∑ –∫–ª–∞—Å—Å–∏–∫–∏ —Ç–æ—Ä—Ç–æ–≤ –Ω–∞ –∑–∞–∫–∞–∑ ‚Äî ¬´–ö—Ä–∞—Å–Ω—ã–π –±–∞—Ä—Ö–∞—Ç¬ª –∏ –¥–æ–º–∞—à–Ω–∏–π ¬´–ú–µ–¥–æ–≤–∏–∫¬ª.","–ú–µ—Ä–µ–Ω–≥–æ–≤—ã–µ —Ä—É–ª–µ—Ç—ã –Ω–∞ –∑–∞–∫–∞–∑ —Å –¥–æ—Å—Ç–∞–≤–∫–æ–π –≤ –õ–æ–º–æ–Ω–æ—Å–æ–≤ –∏ –ø–∏—Ä–æ–∂–Ω–æ–µ –ü–∞–≤–ª–æ–≤–∞ ‚Äî –±–µ–∑–≥–ª—é—Ç–µ–Ω–æ–≤—ã–µ –¥–µ—Å–µ—Ä—Ç—ã —Å —Ö—Ä—É—Å—Ç—è—â–µ–π –º–µ—Ä–µ–Ω–≥–æ–π, –Ω–µ–∂–Ω—ã–º –∫—Ä–µ–º–æ–º –∏ —Å–≤–µ–∂–∏–º–∏ —è–≥–æ–¥–∞–º–∏. –ü—Ä–∏–Ω–∏–º–∞–µ–º –∑–∞–∫–∞–∑—ã –Ω–∞ —Ç–æ—Ä—Ç—ã –¥–ª—è –¥–Ω–µ–π —Ä–æ–∂–¥–µ–Ω–∏—è –≤ –õ–æ–º–æ–Ω–æ—Å–æ–≤–µ, —Å–≤–∞–¥–µ–±, –¥–µ—Ç—Å–∫–∏—Ö –ø—Ä–∞–∑–¥–Ω–∏–∫–æ–≤ –∏ –∫–æ—Ä–ø–æ—Ä–∞—Ç–∏–≤–æ–≤. –î–æ—Å—Ç–∞–≤–∫–∞ —Ç–æ—Ä—Ç–æ–≤ –≤ –õ–æ–º–æ–Ω–æ—Å–æ–≤ –∏ –ü–µ—Ç–µ—Ä–≥–æ—Ñ ‚Äî —Å–æ–±—Å—Ç–≤–µ–Ω–Ω–æ–π —Å–ª—É–∂–±–æ–π –∏–ª–∏ —á–µ—Ä–µ–∑ –Ø–Ω–¥–µ–∫—Å.–î–æ—Å—Ç–∞–≤–∫—É.",–¢–æ—Ä—Ç—ã –≤ –õ–æ–º–æ–Ω–æ—Å–æ–≤–µ|–¢–æ—Ä—Ç—ã –≤ –ü–µ—Ç–µ—Ä–≥–æ—Ñ–µ|–¢–æ—Ä—Ç—ã –≤ –°—Ç—Ä–µ–ª—å–Ω–µ|–¢–æ—Ä—Ç –Ω–∞ –¥–µ–Ω—å —Ä–æ–∂–¥–µ–Ω–∏—è –≤ –õ–æ–º–æ–Ω–æ—Å–æ–≤–µ|–¢–æ—Ä—Ç –Ω–∞ —Å–≤–∞–¥—å–±—É –≤ –õ–æ–º–æ–Ω–æ—Å–æ–≤–µ|–î–µ—Ç—Å–∫–∏–π —Ç–æ—Ä—Ç –≤ –õ–æ–º–æ–Ω–æ—Å–æ–≤|–ú–µ—Ä–µ–Ω–≥–æ–≤—ã–π —Ä—É–ª–µ—Ç –≤ –õ–æ–º–æ–Ω–æ—Å–æ–≤|–ë–µ–Ω—Ç–æ —Ç–æ—Ä—Ç –≤ –õ–æ–º–æ–Ω–æ—Å–æ–≤|–ü–∞–≤–ª–æ–≤–∞ –≤ –õ–æ–º–æ–Ω–æ—Å–æ–≤
murino,–¢–æ—Ä—Ç—ã –Ω–∞ –∑–∞–∫–∞–∑ –≤ –ú—É—Ä–∏–Ω–æ ‚Äî Milovi Cake | –î–æ—Å—Ç–∞–≤–∫–∞ –∏–∑ –°–ü–±,"–°–≤–∞–¥–µ–±–Ω—ã–π —Ç–æ—Ä—Ç, —Ç–æ—Ä—Ç –Ω–∞ –¥–µ–Ω—å —Ä–æ–∂–¥–µ–Ω–∏—è, –¥–µ—Ç—Å–∫–∏–π —Ç–æ—Ä—Ç –Ω–∞ –∑–∞–∫–∞–∑ –≤ –ú—É—Ä–∏–Ω–æ –æ—Ç —á–∞—Å—Ç–Ω–æ–≥–æ –∫–æ–Ω–¥–∏—Ç–µ—Ä–∞. –î–æ—Å—Ç–∞–≤–∫–∞ –∏–∑ –°–ü–±. –†—É—á–Ω–∞—è —Ä–∞–±–æ—Ç–∞, –Ω–∞—Ç—É—Ä–∞–ª—å–Ω—ã–µ –∏–Ω–≥—Ä–µ–¥–∏–µ–Ω—Ç—ã.",Milovi Cake ‚Äî –¢–æ—Ä—Ç—ã –Ω–∞ –∑–∞–∫–∞–∑ –≤ –ú—É—Ä–∏–Ω–æ,"–ß–∞—Å—Ç–Ω—ã–π –∫–æ–Ω–¥–∏—Ç–µ—Ä ‚Äî –¥–æ—Å—Ç–∞–≤–ª—è–µ–º –∞–≤—Ç–æ—Ä—Å–∫–∏–µ —Ç–æ—Ä—Ç—ã –∏ –¥–µ—Å–µ—Ä—Ç—ã —Ä—É—á–Ω–æ–π —Ä–∞–±–æ—Ç—ã –≤ –ú—É—Ä–∏–Ω–æ. –ë–∏—Å–∫–≤–∏—Ç–Ω—ã–µ, –±–µ–Ω—Ç–æ, 3D-—Ç–æ—Ä—Ç—ã, –º–µ—Ä–µ–Ω–≥–æ–≤—ã–µ —Ä—É–ª–µ—Ç—ã –∏ –ü–∞–≤–ª–æ–≤–∞.",/prigorody/murino/,–ú—É—Ä–∏–Ω–æ,–ú—É—Ä–∏–Ω–æ,–ú—É—Ä–∏–Ω–æ,–ú—É—Ä–∏–Ω–æ,–î–æ—Å—Ç–∞–≤–∫–∞ –≤ –ú—É—Ä–∏–Ω–æ ¬∑ –ö—É–¥—Ä–æ–≤–æ ¬∑ –î–µ–≤—è—Ç–∫–∏–Ω–æ,–ú—É—Ä–∏–Ω–æ,"–ê–≤—Ç–æ—Ä—Å–∫–∏–µ —Ç–æ—Ä—Ç—ã –∏ –¥–µ—Å–µ—Ä—Ç—ã —Ä—É—á–Ω–æ–π —Ä–∞–±–æ—Ç—ã —Å –¥–æ—Å—Ç–∞–≤–∫–æ–π –≤ –ú—É—Ä–∏–Ω–æ, –ö—É–¥—Ä–æ–≤–æ –∏ –î–µ–≤—è—Ç–∫–∏–Ω–æ –ø—Ä—è–º–æ –∫ –≤–∞—à–µ–º—É –ø—Ä–∞–∑–¥–Ω–∏–∫—É",–ò–∑–≥–æ—Ç–æ–≤–ª–µ–Ω–∏–µ –æ—Ç 2 –¥–Ω–µ–π,–ú—É—Ä–∏–Ω–æ,"–ö–∞–∂–¥—ã–π —Ç–æ—Ä—Ç —Å–æ–±–∏—Ä–∞–µ–º –≤—Ä—É—á–Ω—É—é –∏ –¥–æ—Å—Ç–∞–≤–ª—è–µ–º –ø—Ä—è–º–æ –∫ –≤–∞—à–µ–º—É –ø—Ä–∞–∑–¥–Ω–∏–∫—É</p>
    <div class=""catalog-grid"" id=""catalogGrid"">
      <!-- rendered by JS -->
    </div>
  </div>
</section>

<section id=""why"">
  <div class=""container"">
    <h2 class=""section-title reveal"">–ü–æ—á–µ–º—É –í—ã–±–∏—Ä–∞—é—Ç –ù–∞—Å</h2>
    <div class=""features-grid"">
      <div class=""feature reveal"">
        <div class=""feature-icon"">ü§ç</div>
        <h4>–†—É—á–Ω–∞—è –†–∞–±–æ—Ç–∞</h4>
        <p>–ö–∞–∂–¥—ã–π –¥–µ—Å–µ—Ä—Ç —Å–æ–∑–¥–∞—ë—Ç—Å—è —Å –ª—é–±–æ–≤—å—é –∏ –∑–∞–±–æ—Ç–æ–π –≤—Ä—É—á–Ω—É—é</p>
      </div>
      <div class=""feature reveal"">
        <div class=""feature-icon"">üåø</div>
        <h4>–ù–∞—Ç—É—Ä–∞–ª—å–Ω—ã–µ –ò–Ω–≥—Ä–µ–¥–∏–µ–Ω—Ç—ã</h4>
        <p>–¢–æ–ª—å–∫–æ –∫–∞—á–µ—Å—Ç–≤–µ–Ω–Ω—ã–µ –ø—Ä–æ–¥—É–∫—Ç—ã –±–µ–∑ –∏—Å–∫—É—Å—Å—Ç–≤–µ–Ω–Ω—ã—Ö –¥–æ–±–∞–≤–æ–∫</p>
      </div>
      <div class=""feature reveal"">
        <div class=""feature-icon"">üéØ</div>
        <h4>–°–≤–µ–∂–µ—Å—Ç—å –ü–æ–¥ –ó–∞–∫–∞–∑</h4>
        <p>–ì–æ—Ç–æ–≤–∏–º —Å–ø–µ—Ü–∏–∞–ª—å–Ω–æ –¥–ª—è –≤–∞—Å, –≤—Å–µ–≥–¥–∞ —Å–≤–µ–∂–µ–µ</p>
      </div>
      <div class=""feature reveal"">
        <div class=""feature-icon"">üì¶</div>
        <h4>–î–æ—Å—Ç–∞–≤–∫–∞ –ü–æ –°–ü–±</h4>
        <p>–ê–∫–∫—É—Ä–∞—Ç–Ω–∞—è –¥–æ—Å—Ç–∞–≤–∫–∞ –≤ –∫—Ä–∞—Å–∏–≤–æ–π —É–ø–∞–∫–æ–≤–∫–µ</p>
      </div>
    </div>
  </div>
</section>

<section id=""reviews"" style=""background:var(--white);padding:100px 60px;"">
  <div class=""container"">
    <h2 class=""section-title reveal"">–û—Ç–∑—ã–≤—ã –ö–ª–∏–µ–Ω—Ç–æ–≤</h2>
    <p class=""section-sub reveal"">–î–æ—Å—Ç–∞–≤–ª—è–µ–º —Ä–∞–¥–æ—Å—Ç—å –≤ –°–ü–± –∏ –ú—É—Ä–∏–Ω–æ",–ú—É—Ä–∏–Ω–æ –∏ –î–µ–≤—è—Ç–∫–∏–Ω–æ,"Milovi Cake ‚Äî —á–∞—Å—Ç–Ω—ã–π –∫–æ–Ω–¥–∏—Ç–µ—Ä, –¥–æ—Å—Ç–∞–≤–ª—è–µ—Ç –∞–≤—Ç–æ—Ä—Å–∫–∏–µ —Ç–æ—Ä—Ç—ã –∏ –¥–µ—Å–µ—Ä—Ç—ã –≤ –ú—É—Ä–∏–Ω–æ, –ö—É–¥—Ä–æ–≤–æ –∏ –î–µ–≤—è—Ç–∫–∏–Ω–æ. –î–æ—Å—Ç–∞–≤–∫–∞ –∏–∑ –°–∞–Ω–∫—Ç-–ü–µ—Ç–µ—Ä–±—É—Ä–≥–∞ ‚Äî —Å–æ–±—Å—Ç–≤–µ–Ω–Ω–æ–π —Å–ª—É–∂–±–æ–π –ø–æ –¥–æ–≥–æ–≤–æ—Ä—ë–Ω–Ω–æ—Å—Ç–∏ –∏–ª–∏ —á–µ—Ä–µ–∑ –Ø–Ω–¥–µ–∫—Å.–î–æ—Å—Ç–∞–≤–∫—É. –ü—Ä–∏–Ω–∏–º–∞–µ–º –∑–∞–∫–∞–∑—ã –∑–∞—Ä–∞–Ω–µ–µ –∏ –ø—Ä–∏–≤–æ–∑–∏–º —Ç–æ—Ä—Ç —Å–≤–µ–∂–∏–º –ø—Ä—è–º–æ –∫ –≤–∞—à–µ–º—É –ø—Ä–∞–∑–¥–Ω–∏–∫—É.",,–ß–∞—Å—Ç–Ω—ã–π –∫–æ–Ω–¥–∏—Ç–µ—Ä —Å –¥–æ—Å—Ç–∞–≤–∫–æ–π –≤ –ú—É—Ä–∏–Ω–æ ‚Äî Milovi Cake,"–ò—â–µ—Ç–µ —Ç–æ—Ä—Ç –Ω–∞ –∑–∞–∫–∞–∑ –≤ –ú—É—Ä–∏–Ω–æ? Milovi Cake ‚Äî —á–∞—Å—Ç–Ω—ã–π –∫–æ–Ω–¥–∏—Ç–µ—Ä –∏–∑ –°–∞–Ω–∫—Ç-–ü–µ—Ç–µ—Ä–±—É—Ä–≥–∞, –¥–æ—Å—Ç–∞–≤–ª—è—é—â–∏–π –∞–≤—Ç–æ—Ä—Å–∫–∏–µ —Ç–æ—Ä—Ç—ã –≤ –ú—É—Ä–∏–Ω–æ. –ö–∞–∂–¥—ã–π —Ç–æ—Ä—Ç –¥–µ–ª–∞–µ—Ç—Å—è –≤—Ä—É—á–Ω—É—é, –Ω–∞ –Ω–∞—Ç—É—Ä–∞–ª—å–Ω—ã—Ö —Å–ª–∏–≤–∫–∞—Ö –∏ –∫–∞—á–µ—Å—Ç–≤–µ–Ω–Ω–æ–º —Å—ã—Ä–µ –∫—Ä–µ–º-—á–∏–∑, –±–µ–∑ –≥–æ—Ç–æ–≤—ã—Ö —Å–º–µ—Å–µ–π –∏ —Ä–∞—Å—Ç–∏—Ç–µ–ª—å–Ω—ã—Ö –∑–∞–º–µ–Ω–∏—Ç–µ–ª–µ–π. –í—ã –≤—ã–±–∏—Ä–∞–µ—Ç–µ –≤–∫—É—Å, —Ä–∞–∑–º–µ—Ä –∏ –æ—Ñ–æ—Ä–º–ª–µ–Ω–∏–µ ‚Äî —è —Å–æ–∑–¥–∞—é –¥–µ—Å–µ—Ä—Ç –∏–º–µ–Ω–Ω–æ –ø–æ–¥ –≤–∞—à –ø—Ä–∞–∑–¥–Ω–∏–∫.","–î–ª—è –∂–∏—Ç–µ–ª–µ–π –ú—É—Ä–∏–Ω–æ –¥–æ—Å—Ç—É–ø–Ω—ã –≤–∞–Ω–∏–ª—å–Ω—ã–µ —Ç–æ—Ä—Ç—ã –Ω–∞ –∑–∞–∫–∞–∑: ¬´–í–æ–∑–¥—É—à–Ω—ã–π –ø–æ—Ü–µ–ª—É–π¬ª —Å –∫–ª—É–±–Ω–∏—á–Ω–æ–π –Ω–∞—á–∏–Ω–∫–æ–π, ¬´–í–∞–Ω–∏–ª—å–Ω–∞—è –≤–∏—à–Ω—è¬ª, ¬´–í–∞–Ω–∏–ª—å–Ω—ã–π –º–∏–∫—Å —è–≥–æ–¥¬ª —Å –º–∞–ª–∏–Ω–æ–π –∏ –≥–æ–ª—É–±–∏–∫–æ–π, ¬´–í–∞–Ω–∏–ª—å–Ω—ã–µ —Ç—Ä–æ–ø–∏–∫–∏¬ª —Å –∫—É—Ä–¥–æ–º –º–∞–Ω–≥–æ-–º–∞—Ä–∞–∫—É–π—è, ¬´–ë–µ–ª—ã–π —Å–Ω–∏–∫–µ—Ä—Å¬ª —Å –¥–æ–º–∞—à–Ω–µ–π —Å–æ–ª—ë–Ω–æ–π –∫–∞—Ä–∞–º–µ–ª—å—é. –ò–∑ —à–æ–∫–æ–ª–∞–¥–Ω—ã—Ö ‚Äî ¬´–í–∏—à–Ω—è –≤ —à–æ–∫–æ–ª–∞–¥–µ¬ª, ¬´–®–æ–∫–æ–ª–∞–¥–Ω—ã–π –º–∏–∫—Å —è–≥–æ–¥¬ª, ¬´–°–Ω–∏–∫–µ—Ä—Å¬ª —Å –∞—Ä–∞—Ö–∏—Å–æ–º, ¬´–§–µ—Ä—Ä–µ—Ä–æ¬ª —Å —Ö—Ä—É—Å—Ç—è—â–µ–π –≤–∞—Ñ–ª–µ–π. –ò–∑ –∫–ª–∞—Å—Å–∏–∫–∏ —Ç–æ—Ä—Ç–æ–≤ –Ω–∞ –∑–∞–∫–∞–∑ ‚Äî ¬´–ö—Ä–∞—Å–Ω—ã–π –±–∞—Ä—Ö–∞—Ç¬ª –∏ –¥–æ–º–∞—à–Ω–∏–π ¬´–ú–µ–¥–æ–≤–∏–∫¬ª.","–ú–µ—Ä–µ–Ω–≥–æ–≤—ã–µ —Ä—É–ª–µ—Ç—ã –Ω–∞ –∑–∞–∫–∞–∑ —Å –¥–æ—Å—Ç–∞–≤–∫–æ–π –≤ –ú—É—Ä–∏–Ω–æ –∏ –ø–∏—Ä–æ–∂–Ω–æ–µ –ü–∞–≤–ª–æ–≤–∞ ‚Äî –±–µ–∑–≥–ª—é—Ç–µ–Ω–æ–≤—ã–µ –¥–µ—Å–µ—Ä—Ç—ã —Å —Ö—Ä—É—Å—Ç—è—â–µ–π –º–µ—Ä–µ–Ω–≥–æ–π, –Ω–µ–∂–Ω—ã–º –∫—Ä–µ–º–æ–º –∏ —Å–≤–µ–∂–∏–º–∏ —è–≥–æ–¥–∞–º–∏. –ü—Ä–∏–Ω–∏–º–∞–µ–º –∑–∞–∫–∞–∑—ã –Ω–∞ —Ç–æ—Ä—Ç—ã –¥–ª—è –¥–Ω–µ–π —Ä–æ–∂–¥–µ–Ω–∏—è –≤ –ú—É—Ä–∏–Ω–æ, —Å–≤–∞–¥–µ–±, –¥–µ—Ç—Å–∫–∏—Ö –ø—Ä–∞–∑–¥–Ω–∏–∫–æ–≤ –∏ –∫–æ—Ä–ø–æ—Ä–∞—Ç–∏–≤–æ–≤. –î–æ—Å—Ç–∞–≤–∫–∞ —Ç–æ—Ä—Ç–æ–≤ –≤ –ú—É—Ä–∏–Ω–æ, –ö—É–¥—Ä–æ–≤–æ –∏ –î–µ–≤—è—Ç–∫–∏–Ω–æ ‚Äî —Å–æ–±—Å—Ç–≤–µ–Ω–Ω–æ–π —Å–ª—É–∂–±–æ–π –∏–ª–∏ —á–µ—Ä–µ–∑ –Ø–Ω–¥–µ–∫—Å.–î–æ—Å—Ç–∞–≤–∫—É.",–¢–æ—Ä—Ç—ã –≤ –ú—É—Ä–∏–Ω–æ|–¢–æ—Ä—Ç—ã –≤ –ö—É–¥—Ä–æ–≤–æ|–¢–æ—Ä—Ç—ã –≤ –î–µ–≤—è—Ç–∫–∏–Ω–æ|–¢–æ—Ä—Ç –Ω–∞ –¥–µ–Ω—å —Ä–æ–∂–¥–µ–Ω–∏—è –≤ –ú—É—Ä–∏–Ω–æ|–¢–æ—Ä—Ç –Ω–∞ —Å–≤–∞–¥—å–±—É –≤ –ú—É—Ä–∏–Ω–æ|–î–µ—Ç—Å–∫–∏–π —Ç–æ—Ä—Ç –≤ –ú—É—Ä–∏–Ω–æ|–ú–µ—Ä–µ–Ω–≥–æ–≤—ã–π —Ä—É–ª–µ—Ç –≤ –ú—É—Ä–∏–Ω–æ|–ë–µ–Ω—Ç–æ —Ç–æ—Ä—Ç –≤ –ú—É—Ä–∏–Ω–æ|–ü–∞–≤–ª–æ–≤–∞ –≤ –ú—É—Ä–∏–Ω–æ
pavlovsk,–¢–æ—Ä—Ç—ã –Ω–∞ –∑–∞–∫–∞–∑ –≤ –ü–∞–≤–ª–æ–≤—Å–∫–µ ‚Äî Milovi Cake | –î–æ—Å—Ç–∞–≤–∫–∞ –∏–∑ –°–ü–±,"–°–≤–∞–¥–µ–±–Ω—ã–π —Ç–æ—Ä—Ç, —Ç–æ—Ä—Ç –Ω–∞ –¥–µ–Ω—å —Ä–æ–∂–¥–µ–Ω–∏—è, –¥–µ—Ç—Å–∫–∏–π —Ç–æ—Ä—Ç –Ω–∞ –∑–∞–∫–∞–∑ –≤ –ü–∞–≤–ª–æ–≤—Å–∫ –æ—Ç —á–∞—Å—Ç–Ω–æ–≥–æ –∫–æ–Ω–¥–∏—Ç–µ—Ä–∞. –î–æ—Å—Ç–∞–≤–∫–∞ –∏–∑ –°–ü–±. –†—É—á–Ω–∞—è —Ä–∞–±–æ—Ç–∞, –Ω–∞—Ç—É—Ä–∞–ª—å–Ω—ã–µ –∏–Ω–≥—Ä–µ–¥–∏–µ–Ω—Ç—ã.",Milovi Cake ‚Äî –¢–æ—Ä—Ç—ã –Ω–∞ –∑–∞–∫–∞–∑ –≤ –ü–∞–≤–ª–æ–≤—Å–∫–µ,"–ß–∞—Å—Ç–Ω—ã–π –∫–æ–Ω–¥–∏—Ç–µ—Ä ‚Äî –¥–æ—Å—Ç–∞–≤–ª—è–µ–º –∞–≤—Ç–æ—Ä—Å–∫–∏–µ —Ç–æ—Ä—Ç—ã –∏ –¥–µ—Å–µ—Ä—Ç—ã —Ä—É—á–Ω–æ–π —Ä–∞–±–æ—Ç—ã –≤ –ü–∞–≤–ª–æ–≤—Å–∫. –ë–∏—Å–∫–≤–∏—Ç–Ω—ã–µ, –±–µ–Ω—Ç–æ, 3D-—Ç–æ—Ä—Ç—ã, –º–µ—Ä–µ–Ω–≥–æ–≤—ã–µ —Ä—É–ª–µ—Ç—ã –∏ –ü–∞–≤–ª–æ–≤–∞.",/prigorody/pavlovsk/,–ü–∞–≤–ª–æ–≤—Å–∫–µ,–ü–∞–≤–ª–æ–≤—Å–∫,–ü–∞–≤–ª–æ–≤—Å–∫,–ü–∞–≤–ª–æ–≤—Å–∫–µ,–î–æ—Å—Ç–∞–≤–∫–∞ –≤ –ü–∞–≤–ª–æ–≤—Å–∫ ¬∑ –ü—É—à–∫–∏–Ω ¬∑ –¶–∞—Ä—Å–∫–æ–µ –°–µ–ª–æ,–ü–∞–≤–ª–æ–≤—Å–∫–µ,"–ê–≤—Ç–æ—Ä—Å–∫–∏–µ —Ç–æ—Ä—Ç—ã –∏ –¥–µ—Å–µ—Ä—Ç—ã —Ä—É—á–Ω–æ–π —Ä–∞–±–æ—Ç—ã —Å –¥–æ—Å—Ç–∞–≤–∫–æ–π –≤ –ü–∞–≤–ª–æ–≤—Å–∫, –ü—É—à–∫–∏–Ω –∏ –¶–∞—Ä—Å–∫–æ–µ –°–µ–ª–æ –ø—Ä—è–º–æ –∫ –≤–∞—à–µ–º—É –ø—Ä–∞–∑–¥–Ω–∏–∫—É",–ò–∑–≥–æ—Ç–æ–≤–ª–µ–Ω–∏–µ –æ—Ç 2 –¥–Ω–µ–π,–ü–∞–≤–ª–æ–≤—Å–∫,"–ö–∞–∂–¥—ã–π —Ç–æ—Ä—Ç —Å–æ–±–∏—Ä–∞–µ–º –≤—Ä—É—á–Ω—É—é –∏ –¥–æ—Å—Ç–∞–≤–ª—è–µ–º –ø—Ä—è–º–æ –∫ –≤–∞—à–µ–º—É –ø—Ä–∞–∑–¥–Ω–∏–∫—É</p>
    <div class=""catalog-grid"" id=""catalogGrid"">
      <!-- rendered by JS -->
    </div>
  </div>
</section>

<section id=""why"">
  <div class=""container"">
    <h2 class=""section-title reveal"">–ü–æ—á–µ–º—É –í—ã–±–∏—Ä–∞—é—Ç –ù–∞—Å</h2>
    <div class=""features-grid"">
      <div class=""feature reveal"">
        <div class=""feature-icon"">ü§ç</div>
        <h4>–†—É—á–Ω–∞—è –†–∞–±–æ—Ç–∞</h4>
        <p>–ö–∞–∂–¥—ã–π –¥–µ—Å–µ—Ä—Ç —Å–æ–∑–¥–∞—ë—Ç—Å—è —Å –ª—é–±–æ–≤—å—é –∏ –∑–∞–±–æ—Ç–æ–π –≤—Ä—É—á–Ω—É—é</p>
      </div>
      <div class=""feature reveal"">
        <div class=""feature-icon"">üåø</div>
        <h4>–ù–∞—Ç—É—Ä–∞–ª—å–Ω—ã–µ –ò–Ω–≥—Ä–µ–¥–∏–µ–Ω—Ç—ã</h4>
        <p>–¢–æ–ª—å–∫–æ –∫–∞—á–µ—Å—Ç–≤–µ–Ω–Ω—ã–µ –ø—Ä–æ–¥—É–∫—Ç—ã –±–µ–∑ –∏—Å–∫—É—Å—Å—Ç–≤–µ–Ω–Ω—ã—Ö –¥–æ–±–∞–≤–æ–∫</p>
      </div>
      <div class=""feature reveal"">
        <div class=""feature-icon"">üéØ</div>
        <h4>–°–≤–µ–∂–µ—Å—Ç—å –ü–æ–¥ –ó–∞–∫–∞–∑</h4>
        <p>–ì–æ—Ç–æ–≤–∏–º —Å–ø–µ—Ü–∏–∞–ª—å–Ω–æ –¥–ª—è –≤–∞—Å, –≤—Å–µ–≥–¥–∞ —Å–≤–µ–∂–µ–µ</p>
      </div>
      <div class=""feature reveal"">
        <div class=""feature-icon"">üì¶</div>
        <h4>–î–æ—Å—Ç–∞–≤–∫–∞ –ü–æ –°–ü–±</h4>
        <p>–ê–∫–∫—É—Ä–∞—Ç–Ω–∞—è –¥–æ—Å—Ç–∞–≤–∫–∞ –≤ –∫—Ä–∞—Å–∏–≤–æ–π —É–ø–∞–∫–æ–≤–∫–µ</p>
      </div>
    </div>
  </div>
</section>

<section id=""reviews"" style=""background:var(--white);padding:100px 60px;"">
  <div class=""container"">
    <h2 class=""section-title reveal"">–û—Ç–∑—ã–≤—ã –ö–ª–∏–µ–Ω—Ç–æ–≤</h2>
    <p class=""section-sub reveal"">–î–æ—Å—Ç–∞–≤–ª—è–µ–º —Ä–∞–¥–æ—Å—Ç—å –≤ –°–ü–±, –ü–∞–≤–ª–æ–≤—Å–∫ –∏ –ü—É—à–∫–∏–Ω",–ü–∞–≤–ª–æ–≤—Å–∫ –∏ –¶–∞—Ä—Å–∫–æ–µ –°–µ–ª–æ,"Milovi Cake ‚Äî —á–∞—Å—Ç–Ω—ã–π –∫–æ–Ω–¥–∏—Ç–µ—Ä, –¥–æ—Å—Ç–∞–≤–ª—è–µ—Ç –∞–≤—Ç–æ—Ä—Å–∫–∏–µ —Ç–æ—Ä—Ç—ã –∏ –¥–µ—Å–µ—Ä—Ç—ã –≤ –ü–∞–≤–ª–æ–≤—Å–∫, –ü—É—à–∫–∏–Ω –∏ –¶–∞—Ä—Å–∫–æ–µ –°–µ–ª–æ. –î–æ—Å—Ç–∞–≤–∫–∞ –∏–∑ –°–∞–Ω–∫—Ç-–ü–µ—Ç–µ—Ä–±—É—Ä–≥–∞ ‚Äî —Å–æ–±—Å—Ç–≤–µ–Ω–Ω–æ–π —Å–ª—É–∂–±–æ–π –ø–æ –¥–æ–≥–æ–≤–æ—Ä—ë–Ω–Ω–æ—Å—Ç–∏ –∏–ª–∏ —á–µ—Ä–µ–∑ –Ø–Ω–¥–µ–∫—Å.–î–æ—Å—Ç–∞–≤–∫—É. –ü—Ä–∏–Ω–∏–º–∞–µ–º –∑–∞–∫–∞–∑—ã –∑–∞—Ä–∞–Ω–µ–µ –∏ –ø—Ä–∏–≤–æ–∑–∏–º —Ç–æ—Ä—Ç —Å–≤–µ–∂–∏–º –ø—Ä—è–º–æ –∫ –≤–∞—à–µ–º—É –ø—Ä–∞–∑–¥–Ω–∏–∫—É.",,–ß–∞—Å—Ç–Ω—ã–π –∫–æ–Ω–¥–∏—Ç–µ—Ä —Å –¥–æ—Å—Ç–∞–≤–∫–æ–π –≤ –ü–∞–≤–ª–æ–≤—Å–∫ ‚Äî Milovi Cake,"–ò—â–µ—Ç–µ —Ç–æ—Ä—Ç –Ω–∞ –∑–∞–∫–∞–∑ –≤ –ü–∞–≤–ª–æ–≤—Å–∫–µ? Milovi Cake ‚Äî —á–∞—Å—Ç–Ω—ã–π –∫–æ–Ω–¥–∏—Ç–µ—Ä –∏–∑ –°–∞–Ω–∫—Ç-–ü–µ—Ç–µ—Ä–±—É—Ä–≥–∞, –¥–æ—Å—Ç–∞–≤–ª—è—é—â–∏–π –∞–≤—Ç–æ—Ä—Å–∫–∏–µ —Ç–æ—Ä—Ç—ã –≤ –ü–∞–≤–ª–æ–≤—Å–∫. –ö–∞–∂–¥—ã–π —Ç–æ—Ä—Ç –¥–µ–ª–∞–µ—Ç—Å—è –≤—Ä—É—á–Ω—É—é, –Ω–∞ –Ω–∞—Ç—É—Ä–∞–ª—å–Ω—ã—Ö —Å–ª–∏–≤–∫–∞—Ö –∏ –∫–∞—á–µ—Å—Ç–≤–µ–Ω–Ω–æ–º —Å—ã—Ä–µ –∫—Ä–µ–º-—á–∏–∑, –±–µ–∑ –≥–æ—Ç–æ–≤—ã—Ö —Å–º–µ—Å–µ–π –∏ —Ä–∞—Å—Ç–∏—Ç–µ–ª—å–Ω—ã—Ö –∑–∞–º–µ–Ω–∏—Ç–µ–ª–µ–π. –í—ã –≤—ã–±–∏—Ä–∞–µ—Ç–µ –≤–∫—É—Å, —Ä–∞–∑–º–µ—Ä –∏ –æ—Ñ–æ—Ä–º–ª–µ–Ω–∏–µ ‚Äî —è —Å–æ–∑–¥–∞—é –¥–µ—Å–µ—Ä—Ç –∏–º–µ–Ω–Ω–æ –ø–æ–¥ –≤–∞—à –ø—Ä–∞–∑–¥–Ω–∏–∫.","–î–ª—è –∂–∏—Ç–µ–ª–µ–π –ü–∞–≤–ª–æ–≤—Å–∫–∞ –¥–æ—Å—Ç—É–ø–Ω—ã –≤–∞–Ω–∏–ª—å–Ω—ã–µ —Ç–æ—Ä—Ç—ã –Ω–∞ –∑–∞–∫–∞–∑: ¬´–í–æ–∑–¥—É—à–Ω—ã–π –ø–æ—Ü–µ–ª—É–π¬ª —Å –∫–ª—É–±–Ω–∏—á–Ω–æ–π –Ω–∞—á–∏–Ω–∫–æ–π, ¬´–í–∞–Ω–∏–ª—å–Ω–∞—è –≤–∏—à–Ω—è¬ª, ¬´–í–∞–Ω–∏–ª—å–Ω—ã–π –º–∏–∫—Å —è–≥–æ–¥¬ª —Å –º–∞–ª–∏–Ω–æ–π –∏ –≥–æ–ª—É–±–∏–∫–æ–π, ¬´–í–∞–Ω–∏–ª—å–Ω—ã–µ —Ç—Ä–æ–ø–∏–∫–∏¬ª —Å –∫—É—Ä–¥–æ–º –º–∞–Ω–≥–æ-–º–∞—Ä–∞–∫—É–π—è, ¬´–ë–µ–ª—ã–π —Å–Ω–∏–∫–µ—Ä—Å¬ª —Å –¥–æ–º–∞—à–Ω–µ–π —Å–æ–ª—ë–Ω–æ–π –∫–∞—Ä–∞–º–µ–ª—å—é. –ò–∑ —à–æ–∫–æ–ª–∞–¥–Ω—ã—Ö ‚Äî ¬´–í–∏—à–Ω—è –≤ —à–æ–∫–æ–ª–∞–¥–µ¬ª, ¬´–®–æ–∫–æ–ª–∞–¥–Ω—ã–π –º–∏–∫—Å —è–≥–æ–¥¬ª, ¬´–°–Ω–∏–∫–µ—Ä—Å¬ª —Å –∞—Ä–∞—Ö–∏—Å–æ–º, ¬´–§–µ—Ä—Ä–µ—Ä–æ¬ª —Å —Ö—Ä—É—Å—Ç—è—â–µ–π –≤–∞—Ñ–ª–µ–π. –ò–∑ –∫–ª–∞—Å—Å–∏–∫–∏ —Ç–æ—Ä—Ç–æ–≤ –Ω–∞ –∑–∞–∫–∞–∑ ‚Äî ¬´–ö—Ä–∞—Å–Ω—ã–π –±–∞—Ä—Ö–∞—Ç¬ª –∏ –¥–æ–º–∞—à–Ω–∏–π ¬´–ú–µ–¥–æ–≤–∏–∫¬ª.","–ú–µ—Ä–µ–Ω–≥–æ–≤—ã–µ —Ä—É–ª–µ—Ç—ã –Ω–∞ –∑–∞–∫–∞–∑ —Å –¥–æ—Å—Ç–∞–≤–∫–æ–π –≤ –ü–∞–≤–ª–æ–≤—Å–∫ –∏ –ø–∏—Ä–æ–∂–Ω–æ–µ –ü–∞–≤–ª–æ–≤–∞ –Ω–∞ –∑–∞–∫–∞–∑ ‚Äî –±–µ–∑–≥–ª—é—Ç–µ–Ω–æ–≤—ã–µ –¥–µ—Å–µ—Ä—Ç—ã —Å —Ö—Ä—É—Å—Ç—è—â–µ–π –º–µ—Ä–µ–Ω–≥–æ–π, –Ω–µ–∂–Ω—ã–º –∫—Ä–µ–º–æ–º –∏ —Å–≤–µ–∂–∏–º–∏ —è–≥–æ–¥–∞–º–∏. –ü—Ä–∏–Ω–∏–º–∞–µ–º –∑–∞–∫–∞–∑—ã –Ω–∞ —Ç–æ—Ä—Ç—ã –¥–ª—è –¥–Ω–µ–π —Ä–æ–∂–¥–µ–Ω–∏—è –≤ –ü–∞–≤–ª–æ–≤—Å–∫–µ, —Å–≤–∞–¥–µ–±, –¥–µ—Ç—Å–∫–∏—Ö –ø—Ä–∞–∑–¥–Ω–∏–∫–æ–≤ –∏ –∫–æ—Ä–ø–æ—Ä–∞—Ç–∏–≤–æ–≤. –î–æ—Å—Ç–∞–≤–∫–∞ —Ç–æ—Ä—Ç–æ–≤ –≤ –ü–∞–≤–ª–æ–≤—Å–∫, –ü—É—à–∫–∏–Ω –∏ –¶–∞—Ä—Å–∫–æ–µ –°–µ–ª–æ ‚Äî —Å–æ–±—Å—Ç–≤–µ–Ω–Ω–æ–π —Å–ª—É–∂–±–æ–π –∏–ª–∏ —á–µ—Ä–µ–∑ –Ø–Ω–¥–µ–∫—Å.–î–æ—Å—Ç–∞–≤–∫—É.",–¢–æ—Ä—Ç—ã –≤ –ü–∞–≤–ª–æ–≤—Å–∫–µ|–¢–æ—Ä—Ç—ã –≤ –ü—É—à–∫–∏–Ω–µ|–¢–æ—Ä—Ç—ã –≤ –¶–∞—Ä—Å–∫–æ–º –°–µ–ª–µ|–¢–æ—Ä—Ç –Ω–∞ –¥–µ–Ω—å —Ä–æ–∂–¥–µ–Ω–∏—è –≤ –ü–∞–≤–ª–æ–≤—Å–∫–µ|–¢–æ—Ä—Ç –Ω–∞ —Å–≤–∞–¥—å–±—É –≤ –ü–∞–≤–ª–æ–≤—Å–∫–µ|–î–µ—Ç—Å–∫–∏–π —Ç–æ—Ä—Ç –≤ –ü–∞–≤–ª–æ–≤—Å–∫|–ú–µ—Ä–µ–Ω–≥–æ–≤—ã–π —Ä—É–ª–µ—Ç –≤ –ü–∞–≤–ª–æ–≤—Å–∫|–ë–µ–Ω—Ç–æ —Ç–æ—Ä—Ç –≤ –ü–∞–≤–ª–æ–≤—Å–∫|–ü–∞–≤–ª–æ–≤–∞ –≤ –ü–∞–≤–ª–æ–≤—Å–∫
peterhof,–¢–æ—Ä—Ç—ã –Ω–∞ –∑–∞–∫–∞–∑ –≤ –ü–µ—Ç–µ—Ä–≥–æ—Ñ–µ ‚Äî Milovi Cake | –î–æ—Å—Ç–∞–≤–∫–∞ –∏–∑ –°–ü–±,"–°–≤–∞–¥–µ–±–Ω—ã–π —Ç–æ—Ä—Ç, —Ç–æ—Ä—Ç –Ω–∞ –¥–µ–Ω—å —Ä–æ–∂–¥–µ–Ω–∏—è, –¥–µ—Ç—Å–∫–∏–π —Ç–æ—Ä—Ç –Ω–∞ –∑–∞–∫–∞–∑ –≤ –ü–µ—Ç–µ—Ä–≥–æ—Ñ –æ—Ç —á–∞—Å—Ç–Ω–æ–≥–æ –∫–æ–Ω–¥–∏—Ç–µ—Ä–∞. –î–æ—Å—Ç–∞–≤–∫–∞ –∏–∑ –°–ü–±. –†—É—á–Ω–∞—è —Ä–∞–±–æ—Ç–∞, –Ω–∞—Ç—É—Ä–∞–ª—å–Ω—ã–µ –∏–Ω–≥—Ä–µ–¥–∏–µ–Ω—Ç—ã.",Milovi Cake ‚Äî –¢–æ—Ä—Ç—ã –Ω–∞ –∑–∞–∫–∞–∑ –≤ –ü–µ—Ç–µ—Ä–≥–æ—Ñ–µ,"–ß–∞—Å—Ç–Ω—ã–π –∫–æ–Ω–¥–∏—Ç–µ—Ä ‚Äî –¥–æ—Å—Ç–∞–≤–ª—è–µ–º –∞–≤—Ç–æ—Ä—Å–∫–∏–µ —Ç–æ—Ä—Ç—ã –∏ –¥–µ—Å–µ—Ä—Ç—ã —Ä—É—á–Ω–æ–π —Ä–∞–±–æ—Ç—ã –≤ –ü–µ—Ç–µ—Ä–≥–æ—Ñ. –ë–∏—Å–∫–≤–∏—Ç–Ω—ã–µ, –±–µ–Ω—Ç–æ, 3D-—Ç–æ—Ä—Ç—ã, –º–µ—Ä–µ–Ω–≥–æ–≤—ã–µ —Ä—É–ª–µ—Ç—ã –∏ –ü–∞–≤–ª–æ–≤–∞.",/prigorody/peterhof/,–ü–µ—Ç–µ—Ä–≥–æ—Ñ–µ,–ü–µ—Ç–µ—Ä–≥–æ—Ñ,–ü–µ—Ç–µ—Ä–≥–æ—Ñ,–ü–µ—Ç–µ—Ä–≥–æ—Ñ–µ,–î–æ—Å—Ç–∞–≤–∫–∞ –≤ –ü–µ—Ç–µ—Ä–≥–æ—Ñ ¬∑ –õ–æ–º–æ–Ω–æ—Å–æ–≤ ¬∑ –°—Ç—Ä–µ–ª—å–Ω–∞,–ü–µ—Ç–µ—Ä–≥–æ—Ñ–µ,"–ê–≤—Ç–æ—Ä—Å–∫–∏–µ —Ç–æ—Ä—Ç—ã –∏ –¥–µ—Å–µ—Ä—Ç—ã —Ä—É—á–Ω–æ–π —Ä–∞–±–æ—Ç—ã —Å –¥–æ—Å—Ç–∞–≤–∫–æ–π –≤ –ü–µ—Ç–µ—Ä–≥–æ—Ñ, –°—Ç—Ä–µ–ª—å–Ω—É –∏ –õ–æ–º–æ–Ω–æ—Å–æ–≤ –ø—Ä—è–º–æ –∫ –≤–∞—à–µ–º—É –ø—Ä–∞–∑–¥–Ω–∏–∫—É",–ò–∑–≥–æ—Ç–æ–≤–ª–µ–Ω–∏–µ –æ—Ç 2 –¥–Ω–µ–π,–ü–µ—Ç–µ—Ä–≥–æ—Ñ,"–ö–∞–∂–¥—ã–π —Ç–æ—Ä—Ç —Å–æ–±–∏—Ä–∞–µ–º –≤—Ä—É—á–Ω—É—é –∏ –¥–æ—Å—Ç–∞–≤–ª—è–µ–º –ø—Ä—è–º–æ –∫ –≤–∞—à–µ–º—É –ø—Ä–∞–∑–¥–Ω–∏–∫—É</p>
    <div class=""catalog-grid"" id=""catalogGrid"">
      <!-- rendered by JS -->
    </div>
  </div>
</section>

<section id=""why"">
  <div class=""container"">
    <h2 class=""section-title reveal"">–ü–æ—á–µ–º—É –í—ã–±–∏—Ä–∞—é—Ç –ù–∞—Å</h2>
    <div class=""features-grid"">
      <div class=""feature reveal"">
        <div class=""feature-icon"">ü§ç</div>
        <h4>–†—É—á–Ω–∞—è –†–∞–±–æ—Ç–∞</h4>
        <p>–ö–∞–∂–¥—ã–π –¥–µ—Å–µ—Ä—Ç —Å–æ–∑–¥–∞—ë—Ç—Å—è —Å –ª—é–±–æ–≤—å—é –∏ –∑–∞–±–æ—Ç–æ–π –≤—Ä—É—á–Ω—É—é</p>
      </div>
      <div class=""feature reveal"">
        <div class=""feature-icon"">üåø</div>
        <h4>–ù–∞—Ç—É—Ä–∞–ª—å–Ω—ã–µ –ò–Ω–≥—Ä–µ–¥–∏–µ–Ω—Ç—ã</h4>
        <p>–¢–æ–ª—å–∫–æ –∫–∞—á–µ—Å—Ç–≤–µ–Ω–Ω—ã–µ –ø—Ä–æ–¥—É–∫—Ç—ã –±–µ–∑ –∏—Å–∫—É—Å—Å—Ç–≤–µ–Ω–Ω—ã—Ö –¥–æ–±–∞–≤–æ–∫</p>
      </div>
      <div class=""feature reveal"">
        <div class=""feature-icon"">üéØ</div>
        <h4>–°–≤–µ–∂–µ—Å—Ç—å –ü–æ–¥ –ó–∞–∫–∞–∑</h4>
        <p>–ì–æ—Ç–æ–≤–∏–º —Å–ø–µ—Ü–∏–∞–ª—å–Ω–æ –¥–ª—è –≤–∞—Å, –≤—Å–µ–≥–¥–∞ —Å–≤–µ–∂–µ–µ</p>
      </div>
      <div class=""feature reveal"">
        <div class=""feature-icon"">üì¶</div>
        <h4>–î–æ—Å—Ç–∞–≤–∫–∞ –ü–æ –°–ü–±</h4>
        <p>–ê–∫–∫—É—Ä–∞—Ç–Ω–∞—è –¥–æ—Å—Ç–∞–≤–∫–∞ –≤ –∫—Ä–∞—Å–∏–≤–æ–π —É–ø–∞–∫–æ–≤–∫–µ</p>
      </div>
    </div>
  </div>
</section>

<section id=""reviews"" style=""background:var(--white);padding:100px 60px;"">
  <div class=""container"">
    <h2 class=""section-title reveal"">–û—Ç–∑—ã–≤—ã –ö–ª–∏–µ–Ω—Ç–æ–≤</h2>
    <p class=""section-sub reveal"">–î–æ—Å—Ç–∞–≤–ª—è–µ–º —Ä–∞–¥–æ—Å—Ç—å –≤ –°–ü–±, –ü–µ—Ç–µ—Ä–≥–æ—Ñ –∏ –°—Ç—Ä–µ–ª—å–Ω—É","–ü–µ—Ç–µ—Ä–≥–æ—Ñ, –°—Ç—Ä–µ–ª—å–Ω—É –∏ –õ–æ–º–æ–Ω–æ—Å–æ–≤","Milovi Cake ‚Äî —á–∞—Å—Ç–Ω—ã–π –∫–æ–Ω–¥–∏—Ç–µ—Ä, –¥–æ—Å—Ç–∞–≤–ª—è–µ—Ç –∞–≤—Ç–æ—Ä—Å–∫–∏–µ —Ç–æ—Ä—Ç—ã –∏ –¥–µ—Å–µ—Ä—Ç—ã –≤ –ü–µ—Ç–µ—Ä–≥–æ—Ñ, –°—Ç—Ä–µ–ª—å–Ω—É –∏ –õ–æ–º–æ–Ω–æ—Å–æ–≤. –î–æ—Å—Ç–∞–≤–∫–∞ –∏–∑ –°–∞–Ω–∫—Ç-–ü–µ—Ç–µ—Ä–±—É—Ä–≥–∞ ‚Äî —Å–æ–±—Å—Ç–≤–µ–Ω–Ω–æ–π —Å–ª—É–∂–±–æ–π –ø–æ –¥–æ–≥–æ–≤–æ—Ä—ë–Ω–Ω–æ—Å—Ç–∏ –∏–ª–∏ —á–µ—Ä–µ–∑ –Ø–Ω–¥–µ–∫—Å.–î–æ—Å—Ç–∞–≤–∫—É. –ü—Ä–∏–Ω–∏–º–∞–µ–º –∑–∞–∫–∞–∑—ã –∑–∞—Ä–∞–Ω–µ–µ, —É—Ç–æ—á–Ω—è–µ–º –≤—Å–µ –¥–µ—Ç–∞–ª–∏ –∏ –ø—Ä–∏–≤–æ–∑–∏–º —Ç–æ—Ä—Ç —Å–≤–µ–∂–∏–º –ø—Ä—è–º–æ –∫ –≤–∞—à–µ–º—É –ø—Ä–∞–∑–¥–Ω–∏–∫—É. –°–∞–º–æ–≤—ã–≤–æ–∑ —Ç–∞–∫–∂–µ –¥–æ—Å—Ç—É–ø–µ–Ω.",,–ß–∞—Å—Ç–Ω—ã–π –∫–æ–Ω–¥–∏—Ç–µ—Ä —Å –¥–æ—Å—Ç–∞–≤–∫–æ–π –≤ –ü–µ—Ç–µ—Ä–≥–æ—Ñ ‚Äî Milovi Cake,"–ò—â–µ—Ç–µ —Ç–æ—Ä—Ç –Ω–∞ –∑–∞–∫–∞–∑ –≤ –ü–µ—Ç–µ—Ä–≥–æ—Ñ–µ? Milovi Cake ‚Äî —á–∞—Å—Ç–Ω—ã–π –∫–æ–Ω–¥–∏—Ç–µ—Ä, —Ä–∞–±–æ—Ç–∞—é—â–∏–π –≤ –°–ü–± –∏ –¥–æ—Å—Ç–∞–≤–ª—è—é—â–∏–π –≤ –ü–µ—Ç–µ—Ä–≥–æ—Ñ. –ö–∞–∂–¥—ã–π —Ç–æ—Ä—Ç –¥–µ–ª–∞–µ—Ç—Å—è –≤—Ä—É—á–Ω—É—é, –Ω–∞ –Ω–∞—Ç—É—Ä–∞–ª—å–Ω—ã—Ö —Å–ª–∏–≤–∫–∞—Ö –∏ –∫–∞—á–µ—Å—Ç–≤–µ–Ω–Ω–æ–º —Å—ã—Ä–µ –∫—Ä–µ–º-—á–∏–∑, –±–µ–∑ –≥–æ—Ç–æ–≤—ã—Ö —Å–º–µ—Å–µ–π –∏ —Ä–∞—Å—Ç–∏—Ç–µ–ª—å–Ω—ã—Ö –∑–∞–º–µ–Ω–∏—Ç–µ–ª–µ–π. –í—ã –≤—ã–±–∏—Ä–∞–µ—Ç–µ –≤–∫—É—Å, —Ä–∞–∑–º–µ—Ä –∏ –æ—Ñ–æ—Ä–º–ª–µ–Ω–∏–µ ‚Äî —è —Å–æ–∑–¥–∞—é –¥–µ—Å–µ—Ä—Ç –∏–º–µ–Ω–Ω–æ –ø–æ–¥ –≤–∞—à –ø—Ä–∞–∑–¥–Ω–∏–∫.","–î–ª—è –∂–∏—Ç–µ–ª–µ–π –ü–µ—Ç–µ—Ä–≥–æ—Ñ–∞ –¥–æ—Å—Ç—É–ø–Ω—ã –≤–∞–Ω–∏–ª—å–Ω—ã–µ —Ç–æ—Ä—Ç—ã –Ω–∞ –∑–∞–∫–∞–∑: ¬´–í–æ–∑–¥—É—à–Ω—ã–π –ø–æ—Ü–µ–ª—É–π¬ª —Å –∫–ª—É–±–Ω–∏—á–Ω–æ–π –Ω–∞—á–∏–Ω–∫–æ–π, ¬´–í–∞–Ω–∏–ª—å–Ω–∞—è –≤–∏—à–Ω—è¬ª, ¬´–í–∞–Ω–∏–ª—å–Ω—ã–π –º–∏–∫—Å —è–≥–æ–¥¬ª —Å –º–∞–ª–∏–Ω–æ–π –∏ –≥–æ–ª—É–±–∏–∫–æ–π, ¬´–í–∞–Ω–∏–ª—å–Ω—ã–µ —Ç—Ä–æ–ø–∏–∫–∏¬ª —Å –∫—É—Ä–¥–æ–º –º–∞–Ω–≥–æ-–º–∞—Ä–∞–∫—É–π—è, ¬´–ë–µ–ª—ã–π —Å–Ω–∏–∫–µ—Ä—Å¬ª —Å –¥–æ–º–∞—à–Ω–µ–π —Å–æ–ª—ë–Ω–æ–π –∫–∞—Ä–∞–º–µ–ª—å—é. –ò–∑ —à–æ–∫–æ–ª–∞–¥–Ω—ã—Ö ‚Äî ¬´–í–∏—à–Ω—è –≤ —à–æ–∫–æ–ª–∞–¥–µ¬ª, ¬´–®–æ–∫–æ–ª–∞–¥–Ω—ã–π –º–∏–∫—Å —è–≥–æ–¥¬ª, ¬´–°–Ω–∏–∫–µ—Ä—Å¬ª —Å –∞—Ä–∞—Ö–∏—Å–æ–º, ¬´–§–µ—Ä—Ä–µ—Ä–æ¬ª —Å —Ö—Ä—É—Å—Ç—è—â–µ–π –≤–∞—Ñ–ª–µ–π. –ò–∑ –∫–ª–∞—Å—Å–∏–∫–∏ —Ç–æ—Ä—Ç–æ–≤ –Ω–∞ –∑–∞–∫–∞–∑ ‚Äî ¬´–ö—Ä–∞—Å–Ω—ã–π –±–∞—Ä—Ö–∞—Ç¬ª –∏ –¥–æ–º–∞—à–Ω–∏–π ¬´–ú–µ–¥–æ–≤–∏–∫¬ª.","–û—Ç–¥–µ–ª—å–Ω–∞—è –≥–æ—Ä–¥–æ—Å—Ç—å ‚Äî –º–µ—Ä–µ–Ω–≥–æ–≤—ã–µ —Ä—É–ª–µ—Ç—ã –Ω–∞ –∑–∞–∫–∞–∑ —Å –¥–æ—Å—Ç–∞–≤–∫–æ–π –≤ –ü–µ—Ç–µ—Ä–≥–æ—Ñ –∏ –ø–∏—Ä–æ–∂–Ω–æ–µ –ü–∞–≤–ª–æ–≤–∞ –Ω–∞ –∑–∞–∫–∞–∑: –æ–±–∞ –¥–µ—Å–µ—Ä—Ç–∞ –±–µ–∑–≥–ª—é—Ç–µ–Ω–æ–≤—ã–µ, —Å —Ö—Ä—É—Å—Ç—è—â–µ–π –º–µ—Ä–µ–Ω–≥–æ–π, –Ω–µ–∂–Ω—ã–º –∫—Ä–µ–º–æ–º –∏ —Å–≤–µ–∂–∏–º–∏ —è–≥–æ–¥–∞–º–∏. –ü—Ä–∏–Ω–∏–º–∞–µ–º –∑–∞–∫–∞–∑—ã –Ω–∞ —Ç–æ—Ä—Ç—ã –¥–ª—è –¥–Ω–µ–π —Ä–æ–∂–¥–µ–Ω–∏—è –≤ –ü–µ—Ç–µ—Ä–≥–æ—Ñ–µ, —Å–≤–∞–¥–µ–±, –¥–µ—Ç—Å–∫–∏—Ö –ø—Ä–∞–∑–¥–Ω–∏–∫–æ–≤ –∏ –∫–æ—Ä–ø–æ—Ä–∞—Ç–∏–≤–æ–≤. –î–æ—Å—Ç–∞–≤–∫–∞ —Ç–æ—Ä—Ç–æ–≤ –≤ –ü–µ—Ç–µ—Ä–≥–æ—Ñ, –°—Ç—Ä–µ–ª—å–Ω—É –∏ –õ–æ–º–æ–Ω–æ—Å–æ–≤ ‚Äî —Å–æ–±—Å—Ç–≤–µ–Ω–Ω–æ–π —Å–ª—É–∂–±–æ–π –∏–ª–∏ —á–µ—Ä–µ–∑ –Ø–Ω–¥–µ–∫—Å.–î–æ—Å—Ç–∞–≤–∫—É.",–¢–æ—Ä—Ç—ã –≤ –ü–µ—Ç–µ—Ä–≥–æ—Ñ–µ|–¢–æ—Ä—Ç—ã –≤ –°—Ç—Ä–µ–ª—å–Ω–µ|–¢–æ—Ä—Ç—ã –≤ –õ–æ–º–æ–Ω–æ—Å–æ–≤–µ|–¢–æ—Ä—Ç –Ω–∞ –¥–µ–Ω—å —Ä–æ–∂–¥–µ–Ω–∏—è –≤ –ü–µ—Ç–µ—Ä–≥–æ—Ñ–µ|–¢–æ—Ä—Ç –Ω–∞ —Å–≤–∞–¥—å–±—É –≤ –ü–µ—Ç–µ—Ä–≥–æ—Ñ–µ|–î–µ—Ç—Å–∫–∏–π —Ç–æ—Ä—Ç –≤ –ü–µ—Ç–µ—Ä–≥–æ—Ñ|–ú–µ—Ä–µ–Ω–≥–æ–≤—ã–π —Ä—É–ª–µ—Ç –≤ –ü–µ—Ç–µ—Ä–≥–æ—Ñ|–ë–µ–Ω—Ç–æ —Ç–æ—Ä—Ç –≤ –ü–µ—Ç–µ—Ä–≥–æ—Ñ|–ü–∞–≤–ª–æ–≤–∞ –≤ –ü–µ—Ç–µ—Ä–≥–æ—Ñ
pushkin,–¢–æ—Ä—Ç—ã –Ω–∞ –∑–∞–∫–∞–∑ –≤ –ü—É—à–∫–∏–Ω–µ ‚Äî Milovi Cake | –î–æ—Å—Ç–∞–≤–∫–∞ –∏–∑ –°–ü–±,"–°–≤–∞–¥–µ–±–Ω—ã–π —Ç–æ—Ä—Ç, —Ç–æ—Ä—Ç –Ω–∞ –¥–µ–Ω—å —Ä–æ–∂–¥–µ–Ω–∏—è, –¥–µ—Ç—Å–∫–∏–π —Ç–æ—Ä—Ç –Ω–∞ –∑–∞–∫–∞–∑ –≤ –ü—É—à–∫–∏–Ω –æ—Ç —á–∞—Å—Ç–Ω–æ–≥–æ –∫–æ–Ω–¥–∏—Ç–µ—Ä–∞. –î–æ—Å—Ç–∞–≤–∫–∞ –∏–∑ –°–ü–±. –†—É—á–Ω–∞—è —Ä–∞–±–æ—Ç–∞, –Ω–∞—Ç—É—Ä–∞–ª—å–Ω—ã–µ –∏–Ω–≥—Ä–µ–¥–∏–µ–Ω—Ç—ã.",Milovi Cake ‚Äî –¢–æ—Ä—Ç—ã –Ω–∞ –∑–∞–∫–∞–∑ –≤ –ü—É—à–∫–∏–Ω–µ –∏ –¶–∞—Ä—Å–∫–æ–º –°–µ–ª–µ,"–ß–∞—Å—Ç–Ω—ã–π –∫–æ–Ω–¥–∏—Ç–µ—Ä ‚Äî –¥–æ—Å—Ç–∞–≤–ª—è–µ–º –∞–≤—Ç–æ—Ä—Å–∫–∏–µ —Ç–æ—Ä—Ç—ã –∏ –¥–µ—Å–µ—Ä—Ç—ã —Ä—É—á–Ω–æ–π —Ä–∞–±–æ—Ç—ã –≤ –ü—É—à–∫–∏–Ω –∏ –¶–∞—Ä—Å–∫–æ–µ –°–µ–ª–æ. –ë–∏—Å–∫–≤–∏—Ç–Ω—ã–µ, –±–µ–Ω—Ç–æ, 3D-—Ç–æ—Ä—Ç—ã, –º–µ—Ä–µ–Ω–≥–æ–≤—ã–µ —Ä—É–ª–µ—Ç—ã –∏ –ü–∞–≤–ª–æ–≤–∞.",/prigorody/pushkin/,–ü—É—à–∫–∏–Ω–µ,–ü—É—à–∫–∏–Ω,–ü—É—à–∫–∏–Ω,–ü—É—à–∫–∏–Ω–µ,–î–æ—Å—Ç–∞–≤–∫–∞ –≤ –ü—É—à–∫–∏–Ω ¬∑ –¶–∞—Ä—Å–∫–æ–µ –°–µ–ª–æ ¬∑ –ü–∞–≤–ª–æ–≤—Å–∫,–ü—É—à–∫–∏–Ω–µ,"–ê–≤—Ç–æ—Ä—Å–∫–∏–µ —Ç–æ—Ä—Ç—ã –∏ –¥–µ—Å–µ—Ä—Ç—ã —Ä—É—á–Ω–æ–π —Ä–∞–±–æ—Ç—ã —Å –¥–æ—Å—Ç–∞–≤–∫–æ–π –≤ –ü—É—à–∫–∏–Ω, –¶–∞—Ä—Å–∫–æ–µ –°–µ–ª–æ –∏ –ü–∞–≤–ª–æ–≤—Å–∫ –ø—Ä—è–º–æ –∫ –≤–∞—à–µ–º—É –ø—Ä–∞–∑–¥–Ω–∏–∫—É",–ò–∑–≥–æ—Ç–æ–≤–ª–µ–Ω–∏–µ –æ—Ç 2 –¥–Ω–µ–π,–ü—É—à–∫–∏–Ω,"–ö–∞–∂–¥—ã–π —Ç–æ—Ä—Ç —Å–æ–±–∏—Ä–∞–µ–º –≤—Ä—É—á–Ω—É—é –∏ –¥–æ—Å—Ç–∞–≤–ª—è–µ–º –ø—Ä—è–º–æ –∫ –≤–∞—à–µ–º—É –ø—Ä–∞–∑–¥–Ω–∏–∫—É</p>
    <div class=""catalog-grid"" id=""catalogGrid"">
      <!-- rendered by JS -->
    </div>
  </div>
</section>

<section id=""why"">
  <div class=""container"">
    <h2 class=""section-title reveal"">–ü–æ—á–µ–º—É –í—ã–±–∏—Ä–∞—é—Ç –ù–∞—Å</h2>
    <div class=""features-grid"">
      <div class=""feature reveal"">
        <div class=""feature-icon"">ü§ç</div>
        <h4>–†—É—á–Ω–∞—è –†–∞–±–æ—Ç–∞</h4>
        <p>–ö–∞–∂–¥—ã–π –¥–µ—Å–µ—Ä—Ç —Å–æ–∑–¥–∞—ë—Ç—Å—è —Å –ª—é–±–æ–≤—å—é –∏ –∑–∞–±–æ—Ç–æ–π –≤—Ä—É—á–Ω—É—é</p>
      </div>
      <div class=""feature reveal"">
        <div class=""feature-icon"">üåø</div>
        <h4>–ù–∞—Ç—É—Ä–∞–ª—å–Ω—ã–µ –ò–Ω–≥—Ä–µ–¥–∏–µ–Ω—Ç—ã</h4>
        <p>–¢–æ–ª—å–∫–æ –∫–∞—á–µ—Å—Ç–≤–µ–Ω–Ω—ã–µ –ø—Ä–æ–¥—É–∫—Ç—ã –±–µ–∑ –∏—Å–∫—É—Å—Å—Ç–≤–µ–Ω–Ω—ã—Ö –¥–æ–±–∞–≤–æ–∫</p>
      </div>
      <div class=""feature reveal"">
        <div class=""feature-icon"">üéØ</div>
        <h4>–°–≤–µ–∂–µ—Å—Ç—å –ü–æ–¥ –ó–∞–∫–∞–∑</h4>
        <p>–ì–æ—Ç–æ–≤–∏–º —Å–ø–µ—Ü–∏–∞–ª—å–Ω–æ –¥–ª—è –≤–∞—Å, –≤—Å–µ–≥–¥–∞ —Å–≤–µ–∂–µ–µ</p>
      </div>
      <div class=""feature reveal"">
        <div class=""feature-icon"">üì¶</div>
        <h4>–î–æ—Å—Ç–∞–≤–∫–∞ –ü–æ –°–ü–±</h4>
        <p>–ê–∫–∫—É—Ä–∞—Ç–Ω–∞—è –¥–æ—Å—Ç–∞–≤–∫–∞ –≤ –∫—Ä–∞—Å–∏–≤–æ–π —É–ø–∞–∫–æ–≤–∫–µ</p>
      </div>
    </div>
  </div>
</section>

<section id=""reviews"" style=""background:var(--white);padding:100px 60px;"">
  <div class=""container"">
    <h2 class=""section-title reveal"">–û—Ç–∑—ã–≤—ã –ö–ª–∏–µ–Ω—Ç–æ–≤</h2>
    <p class=""section-sub reveal"">–î–æ—Å—Ç–∞–≤–ª—è–µ–º —Ä–∞–¥–æ—Å—Ç—å –≤ –°–ü–±, –ü—É—à–∫–∏–Ω –∏ –¶–∞—Ä—Å–∫–æ–µ –°–µ–ª–æ","–ü—É—à–∫–∏–Ω, –¶–∞—Ä—Å–∫–æ–µ –°–µ–ª–æ –∏ –ü–∞–≤–ª–æ–≤—Å–∫","Milovi Cake ‚Äî —á–∞—Å—Ç–Ω—ã–π –∫–æ–Ω–¥–∏—Ç–µ—Ä, –¥–æ—Å—Ç–∞–≤–ª—è–µ—Ç –∞–≤—Ç–æ—Ä—Å–∫–∏–µ —Ç–æ—Ä—Ç—ã –∏ –¥–µ—Å–µ—Ä—Ç—ã –≤ –ü—É—à–∫–∏–Ω, –¶–∞—Ä—Å–∫–æ–µ –°–µ–ª–æ –∏ –ü–∞–≤–ª–æ–≤—Å–∫. –î–æ—Å—Ç–∞–≤–∫–∞ –∏–∑ –°–∞–Ω–∫—Ç-–ü–µ—Ç–µ—Ä–±—É—Ä–≥–∞ ‚Äî —Å–æ–±—Å—Ç–≤–µ–Ω–Ω–æ–π —Å–ª—É–∂–±–æ–π –ø–æ –¥–æ–≥–æ–≤–æ—Ä—ë–Ω–Ω–æ—Å—Ç–∏ –∏–ª–∏ —á–µ—Ä–µ–∑ –Ø–Ω–¥–µ–∫—Å.–î–æ—Å—Ç–∞–≤–∫—É. –ü—Ä–∏–Ω–∏–º–∞–µ–º –∑–∞–∫–∞–∑—ã –∑–∞—Ä–∞–Ω–µ–µ, —É—Ç–æ—á–Ω—è–µ–º –≤—Å–µ –¥–µ—Ç–∞–ª–∏ –∏ –ø—Ä–∏–≤–æ–∑–∏–º —Ç–æ—Ä—Ç —Å–≤–µ–∂–∏–º –ø—Ä—è–º–æ –∫ –≤–∞—à–µ–º—É –ø—Ä–∞–∑–¥–Ω–∏–∫—É. –°–∞–º–æ–≤—ã–≤–æ–∑ —Ç–∞–∫–∂–µ –¥–æ—Å—Ç—É–ø–µ–Ω.",,–ß–∞—Å—Ç–Ω—ã–π –∫–æ–Ω–¥–∏—Ç–µ—Ä —Å –¥–æ—Å—Ç–∞–≤–∫–æ–π –≤ –ü—É—à–∫–∏–Ω ‚Äî Milovi Cake,"–ò—â–µ—Ç–µ —Ç–æ—Ä—Ç –Ω–∞ –∑–∞–∫–∞–∑ –≤ –ü—É—à–∫–∏–Ω–µ –∏–ª–∏ –¶–∞—Ä—Å–∫–æ–º –°–µ–ª–µ? Milovi Cake ‚Äî —á–∞—Å—Ç–Ω—ã–π –∫–æ–Ω–¥–∏—Ç–µ—Ä, —Ä–∞–±–æ—Ç–∞—é—â–∏–π –≤ –°–ü–± –∏ –¥–æ—Å—Ç–∞–≤–ª—è—é—â–∏–π –≤ –ü—É—à–∫–∏–Ω. –ö–∞–∂–¥—ã–π —Ç–æ—Ä—Ç –¥–µ–ª–∞–µ—Ç—Å—è –≤—Ä—É—á–Ω—É—é, –Ω–∞ –Ω–∞—Ç—É—Ä–∞–ª—å–Ω—ã—Ö —Å–ª–∏–≤–∫–∞—Ö –∏ –∫–∞—á–µ—Å—Ç–≤–µ–Ω–Ω–æ–º —Å—ã—Ä–µ –∫—Ä–µ–º-—á–∏–∑, –±–µ–∑ –≥–æ—Ç–æ–≤—ã—Ö —Å–º–µ—Å–µ–π –∏ —Ä–∞—Å—Ç–∏—Ç–µ–ª—å–Ω—ã—Ö –∑–∞–º–µ–Ω–∏—Ç–µ–ª–µ–π. –í—ã –≤—ã–±–∏—Ä–∞–µ—Ç–µ –≤–∫—É—Å, —Ä–∞–∑–º–µ—Ä –∏ –æ—Ñ–æ—Ä–º–ª–µ–Ω–∏–µ ‚Äî —è —Å–æ–∑–¥–∞—é –¥–µ—Å–µ—Ä—Ç –∏–º–µ–Ω–Ω–æ –ø–æ–¥ –≤–∞—à –ø—Ä–∞–∑–¥–Ω–∏–∫.","–î–ª—è –∂–∏—Ç–µ–ª–µ–π –ü—É—à–∫–∏–Ω–∞ –¥–æ—Å—Ç—É–ø–Ω—ã –≤–∞–Ω–∏–ª—å–Ω—ã–µ —Ç–æ—Ä—Ç—ã –Ω–∞ –∑–∞–∫–∞–∑: ¬´–í–æ–∑–¥—É—à–Ω—ã–π –ø–æ—Ü–µ–ª—É–π¬ª —Å –∫–ª—É–±–Ω–∏—á–Ω–æ–π –Ω–∞—á–∏–Ω–∫–æ–π, ¬´–í–∞–Ω–∏–ª—å–Ω–∞—è –≤–∏—à–Ω—è¬ª, ¬´–í–∞–Ω–∏–ª—å–Ω—ã–π –º–∏–∫—Å —è–≥–æ–¥¬ª —Å –º–∞–ª–∏–Ω–æ–π –∏ –≥–æ–ª—É–±–∏–∫–æ–π, ¬´–í–∞–Ω–∏–ª—å–Ω—ã–µ —Ç—Ä–æ–ø–∏–∫–∏¬ª —Å –∫—É—Ä–¥–æ–º –º–∞–Ω–≥–æ-–º–∞—Ä–∞–∫—É–π—è, ¬´–ë–µ–ª—ã–π —Å–Ω–∏–∫–µ—Ä—Å¬ª —Å –¥–æ–º–∞—à–Ω–µ–π —Å–æ–ª—ë–Ω–æ–π –∫–∞—Ä–∞–º–µ–ª—å—é. –ò–∑ —à–æ–∫–æ–ª–∞–¥–Ω—ã—Ö ‚Äî ¬´–í–∏—à–Ω—è –≤ —à–æ–∫–æ–ª–∞–¥–µ¬ª, ¬´–®–æ–∫–æ–ª–∞–¥–Ω—ã–π –º–∏–∫—Å —è–≥–æ–¥¬ª, ¬´–°–Ω–∏–∫–µ—Ä—Å¬ª —Å –∞—Ä–∞—Ö–∏—Å–æ–º, ¬´–§–µ—Ä—Ä–µ—Ä–æ¬ª —Å —Ö—Ä—É—Å—Ç—è—â–µ–π –≤–∞—Ñ–ª–µ–π. –ò–∑ –∫–ª–∞—Å—Å–∏–∫–∏ —Ç–æ—Ä—Ç–æ–≤ –Ω–∞ –∑–∞–∫–∞–∑ ‚Äî ¬´–ö—Ä–∞—Å–Ω—ã–π –±–∞—Ä—Ö–∞—Ç¬ª –∏ –¥–æ–º–∞—à–Ω–∏–π ¬´–ú–µ–¥–æ–≤–∏–∫¬ª.","–û—Ç–¥–µ–ª—å–Ω–∞—è –≥–æ—Ä–¥–æ—Å—Ç—å ‚Äî –º–µ—Ä–µ–Ω–≥–æ–≤—ã–µ —Ä—É–ª–µ—Ç—ã –Ω–∞ –∑–∞–∫–∞–∑ —Å –¥–æ—Å—Ç–∞–≤–∫–æ–π –≤ –ü—É—à–∫–∏–Ω –∏ –ø–∏—Ä–æ–∂–Ω–æ–µ –ü–∞–≤–ª–æ–≤–∞ –Ω–∞ –∑–∞–∫–∞–∑: –æ–±–∞ –¥–µ—Å–µ—Ä—Ç–∞ –±–µ–∑–≥–ª—é—Ç–µ–Ω–æ–≤—ã–µ, —Å —Ö—Ä—É—Å—Ç—è—â–µ–π –º–µ—Ä–µ–Ω–≥–æ–π, –Ω–µ–∂–Ω—ã–º –∫—Ä–µ–º–æ–º –∏ —Å–≤–µ–∂–∏–º–∏ —è–≥–æ–¥–∞–º–∏. –ü—Ä–∏–Ω–∏–º–∞–µ–º –∑–∞–∫–∞–∑—ã –≤ –ü—É—à–∫–∏–Ω: —Å–≤–∞–¥–µ–±–Ω—ã–π —Ç–æ—Ä—Ç –Ω–∞ –∑–∞–∫–∞–∑ ‚Äî —Å –∞–≤—Ç–æ—Ä—Å–∫–∏–º –æ—Ñ–æ—Ä–º–ª–µ–Ω–∏–µ–º –∏ –ø–æ–¥ –ª—é–±–æ–π —Å—Ç–∏–ª—å —Ç–æ—Ä–∂–µ—Å—Ç–≤–∞; —Ç–æ—Ä—Ç –Ω–∞ –¥–µ–Ω—å —Ä–æ–∂–¥–µ–Ω–∏—è –Ω–∞ –∑–∞–∫–∞–∑ ‚Äî —Å –ª—é–±–∏–º—ã–º–∏ –Ω–∞—á–∏–Ω–∫–∞–º–∏ –∏ –¥–µ–∫–æ—Ä–æ–º; –¥–µ—Ç—Å–∫–∏–π —Ç–æ—Ä—Ç –Ω–∞ –∑–∞–∫–∞–∑ ‚Äî —è—Ä–∫–∏–π, –±–µ–∑–æ–ø–∞—Å–Ω—ã–π, —Å –ø–µ—Ä—Å–æ–Ω–∞–∂–∞–º–∏ –∏–ª–∏ —Ç–µ–º–∞—Ç–∏—á–µ—Å–∫–∏–º –¥–µ–∫–æ—Ä–æ–º. –¢–∞–∫–∂–µ —Ç–æ—Ä—Ç—ã –Ω–∞ –∫—Ä–µ—Å—Ç–∏–Ω—ã, —é–±–∏–ª–µ–∏ –∏ –∫–æ—Ä–ø–æ—Ä–∞—Ç–∏–≤—ã. –î–æ—Å—Ç–∞–≤–∫–∞ —Ç–æ—Ä—Ç–æ–≤ –≤ –ü—É—à–∫–∏–Ω, –¶–∞—Ä—Å–∫–æ–µ –°–µ–ª–æ –∏ –ü–∞–≤–ª–æ–≤—Å–∫ ‚Äî —Å–æ–±—Å—Ç–≤–µ–Ω–Ω–æ–π —Å–ª—É–∂–±–æ–π –∏–ª–∏ —á–µ—Ä–µ–∑ –Ø–Ω–¥–µ–∫—Å.–î–æ—Å—Ç–∞–≤–∫—É.",–¢–æ—Ä—Ç—ã –≤ –ü—É—à–∫–∏–Ω–µ|–¢–æ—Ä—Ç—ã –≤ –¶–∞—Ä—Å–∫–æ–º –°–µ–ª–µ|–¢–æ—Ä—Ç—ã –≤ –ü–∞–≤–ª–æ–≤—Å–∫–µ|–¢–æ—Ä—Ç –Ω–∞ –¥–µ–Ω—å —Ä–æ–∂–¥–µ–Ω–∏—è –≤ –ü—É—à–∫–∏–Ω–µ|–¢–æ—Ä—Ç –Ω–∞ —Å–≤–∞–¥—å–±—É –≤ –ü—É—à–∫–∏–Ω–µ|–î–µ—Ç—Å–∫–∏–π —Ç–æ—Ä—Ç –≤ –ü—É—à–∫–∏–Ω|–ú–µ—Ä–µ–Ω–≥–æ–≤—ã–π —Ä—É–ª–µ—Ç –≤ –ü—É—à–∫–∏–Ω|–ë–µ–Ω—Ç–æ —Ç–æ—Ä—Ç –≤ –ü—É—à–∫–∏–Ω|–ü–∞–≤–ª–æ–≤–∞ –≤ –ü—É—à–∫–∏–Ω
sestroretsk,–¢–æ—Ä—Ç—ã –Ω–∞ –∑–∞–∫–∞–∑ –≤ –°–µ—Å—Ç—Ä–æ—Ä–µ—Ü–∫–µ ‚Äî Milovi Cake | –î–æ—Å—Ç–∞–≤–∫–∞ –∏–∑ –°–ü–±,"–°–≤–∞–¥–µ–±–Ω—ã–π —Ç–æ—Ä—Ç, —Ç–æ—Ä—Ç –Ω–∞ –¥–µ–Ω—å —Ä–æ–∂–¥–µ–Ω–∏—è, –¥–µ—Ç—Å–∫–∏–π —Ç–æ—Ä—Ç –Ω–∞ –∑–∞–∫–∞–∑ –≤ –°–µ—Å—Ç—Ä–æ—Ä–µ—Ü–∫ –æ—Ç —á–∞—Å—Ç–Ω–æ–≥–æ –∫–æ–Ω–¥–∏—Ç–µ—Ä–∞. –î–æ—Å—Ç–∞–≤–∫–∞ –∏–∑ –°–ü–±. –†—É—á–Ω–∞—è —Ä–∞–±–æ—Ç–∞, –Ω–∞—Ç—É—Ä–∞–ª—å–Ω—ã–µ –∏–Ω–≥—Ä–µ–¥–∏–µ–Ω—Ç—ã.",Milovi Cake ‚Äî –¢–æ—Ä—Ç—ã –Ω–∞ –∑–∞–∫–∞–∑ –≤ –°–µ—Å—Ç—Ä–æ—Ä–µ—Ü–∫–µ,"–ß–∞—Å—Ç–Ω—ã–π –∫–æ–Ω–¥–∏—Ç–µ—Ä ‚Äî –¥–æ—Å—Ç–∞–≤–ª—è–µ–º –∞–≤—Ç–æ—Ä—Å–∫–∏–µ —Ç–æ—Ä—Ç—ã –∏ –¥–µ—Å–µ—Ä—Ç—ã —Ä—É—á–Ω–æ–π —Ä–∞–±–æ—Ç—ã –≤ –°–µ—Å—Ç—Ä–æ—Ä–µ—Ü–∫. –ë–∏—Å–∫–≤–∏—Ç–Ω—ã–µ, –±–µ–Ω—Ç–æ, 3D-—Ç–æ—Ä—Ç—ã, –º–µ—Ä–µ–Ω–≥–æ–≤—ã–µ —Ä—É–ª–µ—Ç—ã –∏ –ü–∞–≤–ª–æ–≤–∞.",/prigorody/sestroretsk/,–°–µ—Å—Ç—Ä–æ—Ä–µ—Ü–∫–µ,–°–µ—Å—Ç—Ä–æ—Ä–µ—Ü–∫,–°–µ—Å—Ç—Ä–æ—Ä–µ—Ü–∫,–°–µ—Å—Ç—Ä–æ—Ä–µ—Ü–∫–µ,–î–æ—Å—Ç–∞–≤–∫–∞ –≤ –°–µ—Å—Ç—Ä–æ—Ä–µ—Ü–∫ ¬∑ –ó–µ–ª–µ–Ω–æ–≥–æ—Ä—Å–∫ ¬∑ –†–µ–ø–∏–Ω–æ,–°–µ—Å—Ç—Ä–æ—Ä–µ—Ü–∫–µ,"–ê–≤—Ç–æ—Ä—Å–∫–∏–µ —Ç–æ—Ä—Ç—ã –∏ –¥–µ—Å–µ—Ä—Ç—ã —Ä—É—á–Ω–æ–π —Ä–∞–±–æ—Ç—ã —Å –¥–æ—Å—Ç–∞–≤–∫–æ–π –≤ –°–µ—Å—Ç—Ä–æ—Ä–µ—Ü–∫, –ó–µ–ª–µ–Ω–æ–≥–æ—Ä—Å–∫ –∏ –†–µ–ø–∏–Ω–æ –ø—Ä—è–º–æ –∫ –≤–∞—à–µ–º—É –ø—Ä–∞–∑–¥–Ω–∏–∫—É",–ò–∑–≥–æ—Ç–æ–≤–ª–µ–Ω–∏–µ –æ—Ç 2 –¥–Ω–µ–π,–°–µ—Å—Ç—Ä–æ—Ä–µ—Ü–∫,"–ö–∞–∂–¥—ã–π —Ç–æ—Ä—Ç —Å–æ–±–∏—Ä–∞–µ–º –≤—Ä—É—á–Ω—É—é –∏ –¥–æ—Å—Ç–∞–≤–ª—è–µ–º –ø—Ä—è–º–æ –∫ –≤–∞—à–µ–º—É –ø—Ä–∞–∑–¥–Ω–∏–∫—É</p>
    <div class=""catalog-grid"" id=""catalogGrid"">
      <!-- rendered by JS -->
    </div>
  </div>
</section>

<section id=""why"">
  <div class=""container"">
    <h2 class=""section-title reveal"">–ü–æ—á–µ–º—É –í—ã–±–∏—Ä–∞—é—Ç –ù–∞—Å</h2>
    <div class=""features-grid"">
      <div class=""feature reveal"">
        <div class=""feature-icon"">ü§ç</div>
        <h4>–†—É—á–Ω–∞—è –†–∞–±–æ—Ç–∞</h4>
        <p>–ö–∞–∂–¥—ã–π –¥–µ—Å–µ—Ä—Ç —Å–æ–∑–¥–∞—ë—Ç—Å—è —Å –ª—é–±–æ–≤—å—é –∏ –∑–∞–±–æ—Ç–æ–π –≤—Ä—É—á–Ω—É—é</p>
      </div>
      <div class=""feature reveal"">
        <div class=""feature-icon"">üåø</div>
        <h4>–ù–∞—Ç—É—Ä–∞–ª—å–Ω—ã–µ –ò–Ω–≥—Ä–µ–¥–∏–µ–Ω—Ç—ã</h4>
        <p>–¢–æ–ª—å–∫–æ –∫–∞—á–µ—Å—Ç–≤–µ–Ω–Ω—ã–µ –ø—Ä–æ–¥—É–∫—Ç—ã –±–µ–∑ –∏—Å–∫—É—Å—Å—Ç–≤–µ–Ω–Ω—ã—Ö –¥–æ–±–∞–≤–æ–∫</p>
      </div>
      <div class=""feature reveal"">
        <div class=""feature-icon"">üéØ</div>
        <h4>–°–≤–µ–∂–µ—Å—Ç—å –ü–æ–¥ –ó–∞–∫–∞–∑</h4>
        <p>–ì–æ—Ç–æ–≤–∏–º —Å–ø–µ—Ü–∏–∞–ª—å–Ω–æ –¥–ª—è –≤–∞—Å, –≤—Å–µ–≥–¥–∞ —Å–≤–µ–∂–µ–µ</p>
      </div>
      <div class=""feature reveal"">
        <div class=""feature-icon"">üì¶</div>
        <h4>–î–æ—Å—Ç–∞–≤–∫–∞ –ü–æ –°–ü–±</h4>
        <p>–ê–∫–∫—É—Ä–∞—Ç–Ω–∞—è –¥–æ—Å—Ç–∞–≤–∫–∞ –≤ –∫—Ä–∞—Å–∏–≤–æ–π —É–ø–∞–∫–æ–≤–∫–µ</p>
      </div>
    </div>
  </div>
</section>

<section id=""reviews"" style=""background:var(--white);padding:100px 60px;"">
  <div class=""container"">
    <h2 class=""section-title reveal"">–û—Ç–∑—ã–≤—ã –ö–ª–∏–µ–Ω—Ç–æ–≤</h2>
    <p class=""section-sub reveal"">–î–æ—Å—Ç–∞–≤–ª—è–µ–º —Ä–∞–¥–æ—Å—Ç—å –≤ –°–ü–± –∏ –°–µ—Å—Ç—Ä–æ—Ä–µ—Ü–∫",–°–µ—Å—Ç—Ä–æ—Ä–µ—Ü–∫ –∏ –ö—É—Ä–æ—Ä—Ç–Ω—ã–π —Ä–∞–π–æ–Ω,"Milovi Cake ‚Äî —á–∞—Å—Ç–Ω—ã–π –∫–æ–Ω–¥–∏—Ç–µ—Ä, –¥–æ—Å—Ç–∞–≤–ª—è–µ—Ç –∞–≤—Ç–æ—Ä—Å–∫–∏–µ —Ç–æ—Ä—Ç—ã –∏ –¥–µ—Å–µ—Ä—Ç—ã –≤ –°–µ—Å—Ç—Ä–æ—Ä–µ—Ü–∫ –∏ –ö—É—Ä–æ—Ä—Ç–Ω—ã–π —Ä–∞–π–æ–Ω ‚Äî –ó–µ–ª–µ–Ω–æ–≥–æ—Ä—Å–∫, –†–µ–ø–∏–Ω–æ, –ö–æ–º–∞—Ä–æ–≤–æ. –î–æ—Å—Ç–∞–≤–∫–∞ –∏–∑ –°–∞–Ω–∫—Ç-–ü–µ—Ç–µ—Ä–±—É—Ä–≥–∞ ‚Äî —Å–æ–±—Å—Ç–≤–µ–Ω–Ω–æ–π —Å–ª—É–∂–±–æ–π –ø–æ –¥–æ–≥–æ–≤–æ—Ä—ë–Ω–Ω–æ—Å—Ç–∏ –∏–ª–∏ —á–µ—Ä–µ–∑ –Ø–Ω–¥–µ–∫—Å.–î–æ—Å—Ç–∞–≤–∫—É. –ü—Ä–∏–≤–æ–∑–∏–º —Ç–æ—Ä—Ç —Å–≤–µ–∂–∏–º –ø—Ä—è–º–æ –∫ –≤–∞—à–µ–º—É –ø—Ä–∞–∑–¥–Ω–∏–∫—É.",,–ß–∞—Å—Ç–Ω—ã–π –∫–æ–Ω–¥–∏—Ç–µ—Ä —Å –¥–æ—Å—Ç–∞–≤–∫–æ–π –≤ –°–µ—Å—Ç—Ä–æ—Ä–µ—Ü–∫ ‚Äî Milovi Cake,"–ò—â–µ—Ç–µ —Ç–æ—Ä—Ç –Ω–∞ –∑–∞–∫–∞–∑ –≤ –°–µ—Å—Ç—Ä–æ—Ä–µ—Ü–∫–µ? Milovi Cake ‚Äî —á–∞—Å—Ç–Ω—ã–π –∫–æ–Ω–¥–∏—Ç–µ—Ä –∏–∑ –°–∞–Ω–∫—Ç-–ü–µ—Ç–µ—Ä–±—É—Ä–≥–∞, –¥–æ—Å—Ç–∞–≤–ª—è—é—â–∏–π –∞–≤—Ç–æ—Ä—Å–∫–∏–µ —Ç–æ—Ä—Ç—ã –≤ –°–µ—Å—Ç—Ä–æ—Ä–µ—Ü–∫ –∏ –ö—É—Ä–æ—Ä—Ç–Ω—ã–π —Ä–∞–π–æ–Ω. –ö–∞–∂–¥—ã–π —Ç–æ—Ä—Ç –¥–µ–ª–∞–µ—Ç—Å—è –≤—Ä—É—á–Ω—É—é, –Ω–∞ –Ω–∞—Ç—É—Ä–∞–ª—å–Ω—ã—Ö —Å–ª–∏–≤–∫–∞—Ö –∏ –∫–∞—á–µ—Å—Ç–≤–µ–Ω–Ω–æ–º —Å—ã—Ä–µ –∫—Ä–µ–º-—á–∏–∑, –±–µ–∑ –≥–æ—Ç–æ–≤—ã—Ö —Å–º–µ—Å–µ–π –∏ —Ä–∞—Å—Ç–∏—Ç–µ–ª—å–Ω—ã—Ö –∑–∞–º–µ–Ω–∏—Ç–µ–ª–µ–π. –í—ã –≤—ã–±–∏—Ä–∞–µ—Ç–µ –≤–∫—É—Å, —Ä–∞–∑–º–µ—Ä –∏ –æ—Ñ–æ—Ä–º–ª–µ–Ω–∏–µ ‚Äî —è —Å–æ–∑–¥–∞—é –¥–µ—Å–µ—Ä—Ç –∏–º–µ–Ω–Ω–æ –ø–æ–¥ –≤–∞—à –ø—Ä–∞–∑–¥–Ω–∏–∫.","–î–ª—è –∂–∏—Ç–µ–ª–µ–π –°–µ—Å—Ç—Ä–æ—Ä–µ—Ü–∫–∞ –¥–æ—Å—Ç—É–ø–Ω—ã –≤–∞–Ω–∏–ª—å–Ω—ã–µ —Ç–æ—Ä—Ç—ã –Ω–∞ –∑–∞–∫–∞–∑: ¬´–í–æ–∑–¥—É—à–Ω—ã–π –ø–æ—Ü–µ–ª—É–π¬ª —Å –∫–ª—É–±–Ω–∏—á–Ω–æ–π –Ω–∞—á–∏–Ω–∫–æ–π, ¬´–í–∞–Ω–∏–ª—å–Ω–∞—è –≤–∏—à–Ω—è¬ª, ¬´–í–∞–Ω–∏–ª—å–Ω—ã–π –º–∏–∫—Å —è–≥–æ–¥¬ª —Å –º–∞–ª–∏–Ω–æ–π –∏ –≥–æ–ª—É–±–∏–∫–æ–π, ¬´–í–∞–Ω–∏–ª—å–Ω—ã–µ —Ç—Ä–æ–ø–∏–∫–∏¬ª —Å –∫—É—Ä–¥–æ–º –º–∞–Ω–≥–æ-–º–∞—Ä–∞–∫—É–π—è, ¬´–ë–µ–ª—ã–π —Å–Ω–∏–∫–µ—Ä—Å¬ª —Å –¥–æ–º–∞—à–Ω–µ–π —Å–æ–ª—ë–Ω–æ–π –∫–∞—Ä–∞–º–µ–ª—å—é. –ò–∑ —à–æ–∫–æ–ª–∞–¥–Ω—ã—Ö ‚Äî ¬´–í–∏—à–Ω—è –≤ —à–æ–∫–æ–ª–∞–¥–µ¬ª, ¬´–®–æ–∫–æ–ª–∞–¥–Ω—ã–π –º–∏–∫—Å —è–≥–æ–¥¬ª, ¬´–°–Ω–∏–∫–µ—Ä—Å¬ª —Å –∞—Ä–∞—Ö–∏—Å–æ–º, ¬´–§–µ—Ä—Ä–µ—Ä–æ¬ª —Å —Ö—Ä—É—Å—Ç—è—â–µ–π –≤–∞—Ñ–ª–µ–π. –ò–∑ –∫–ª–∞—Å—Å–∏–∫–∏ —Ç–æ—Ä—Ç–æ–≤ –Ω–∞ –∑–∞–∫–∞–∑ ‚Äî ¬´–ö—Ä–∞—Å–Ω—ã–π –±–∞—Ä—Ö–∞—Ç¬ª –∏ –¥–æ–º–∞—à–Ω–∏–π ¬´–ú–µ–¥–æ–≤–∏–∫¬ª.","–ú–µ—Ä–µ–Ω–≥–æ–≤—ã–µ —Ä—É–ª–µ—Ç—ã –Ω–∞ –∑–∞–∫–∞–∑ —Å –¥–æ—Å—Ç–∞–≤–∫–æ–π –≤ –°–µ—Å—Ç—Ä–æ—Ä–µ—Ü–∫ –∏ –ø–∏—Ä–æ–∂–Ω–æ–µ –ü–∞–≤–ª–æ–≤–∞ ‚Äî –±–µ–∑–≥–ª—é—Ç–µ–Ω–æ–≤—ã–µ –¥–µ—Å–µ—Ä—Ç—ã —Å —Ö—Ä—É—Å—Ç—è—â–µ–π –º–µ—Ä–µ–Ω–≥–æ–π, –Ω–µ–∂–Ω—ã–º –∫—Ä–µ–º–æ–º –∏ —Å–≤–µ–∂–∏–º–∏ —è–≥–æ–¥–∞–º–∏. –ü—Ä–∏–Ω–∏–º–∞–µ–º –∑–∞–∫–∞–∑—ã –Ω–∞ —Ç–æ—Ä—Ç—ã –¥–ª—è –¥–Ω–µ–π —Ä–æ–∂–¥–µ–Ω–∏—è –≤ –°–µ—Å—Ç—Ä–æ—Ä–µ—Ü–∫–µ, —Å–≤–∞–¥–µ–±, –¥–µ—Ç—Å–∫–∏—Ö –ø—Ä–∞–∑–¥–Ω–∏–∫–æ–≤ –∏ –∫–æ—Ä–ø–æ—Ä–∞—Ç–∏–≤–æ–≤. –î–æ—Å—Ç–∞–≤–∫–∞ —Ç–æ—Ä—Ç–æ–≤ –≤ –°–µ—Å—Ç—Ä–æ—Ä–µ—Ü–∫, –ó–µ–ª–µ–Ω–æ–≥–æ—Ä—Å–∫ –∏ –†–µ–ø–∏–Ω–æ ‚Äî —Å–æ–±—Å—Ç–≤–µ–Ω–Ω–æ–π —Å–ª—É–∂–±–æ–π –∏–ª–∏ —á–µ—Ä–µ–∑ –Ø–Ω–¥–µ–∫—Å.–î–æ—Å—Ç–∞–≤–∫—É.",–¢–æ—Ä—Ç—ã –≤ –°–µ—Å—Ç—Ä–æ—Ä–µ—Ü–∫–µ|–¢–æ—Ä—Ç—ã –≤ –ó–µ–ª–µ–Ω–æ–≥–æ—Ä—Å–∫–µ|–¢–æ—Ä—Ç—ã –≤ –†–µ–ø–∏–Ω–æ|–¢–æ—Ä—Ç –Ω–∞ –¥–µ–Ω—å —Ä–æ–∂–¥–µ–Ω–∏—è –≤ –°–µ—Å—Ç—Ä–æ—Ä–µ—Ü–∫–µ|–¢–æ—Ä—Ç –Ω–∞ —Å–≤–∞–¥—å–±—É –≤ –°–µ—Å—Ç—Ä–æ—Ä–µ—Ü–∫–µ|–î–µ—Ç—Å–∫–∏–π —Ç–æ—Ä—Ç –≤ –°–µ—Å—Ç—Ä–æ—Ä–µ—Ü–∫|–ú–µ—Ä–µ–Ω–≥–æ–≤—ã–π —Ä—É–ª–µ—Ç –≤ –°–µ—Å—Ç—Ä–æ—Ä–µ—Ü–∫|–ë–µ–Ω—Ç–æ —Ç–æ—Ä—Ç –≤ –°–µ—Å—Ç—Ä–æ—Ä–µ—Ü–∫|–ü–∞–≤–ª–æ–≤–∞ –≤ –°–µ—Å—Ç—Ä–æ—Ä–µ—Ü–∫
shushary,–¢–æ—Ä—Ç—ã –Ω–∞ –∑–∞–∫–∞–∑ –≤ –®—É—à–∞—Ä–∞—Ö ‚Äî Milovi Cake | –î–æ—Å—Ç–∞–≤–∫–∞ –∏–∑ –°–ü–±,"–°–≤–∞–¥–µ–±–Ω—ã–π —Ç–æ—Ä—Ç, —Ç–æ—Ä—Ç –Ω–∞ –¥–µ–Ω—å —Ä–æ–∂–¥–µ–Ω–∏—è, –¥–µ—Ç—Å–∫–∏–π —Ç–æ—Ä—Ç –Ω–∞ –∑–∞–∫–∞–∑ –≤ –®—É—à–∞—Ä—ã –æ—Ç —á–∞—Å—Ç–Ω–æ–≥–æ –∫–æ–Ω–¥–∏—Ç–µ—Ä–∞. –î–æ—Å—Ç–∞–≤–∫–∞ –∏–∑ –°–ü–±. –†—É—á–Ω–∞—è —Ä–∞–±–æ—Ç–∞, –Ω–∞—Ç—É—Ä–∞–ª—å–Ω—ã–µ –∏–Ω–≥—Ä–µ–¥–∏–µ–Ω—Ç—ã.",Milovi Cake ‚Äî –¢–æ—Ä—Ç—ã –Ω–∞ –∑–∞–∫–∞–∑ –≤ –®—É—à–∞—Ä–∞—Ö,"–ß–∞—Å—Ç–Ω—ã–π –∫–æ–Ω–¥–∏—Ç–µ—Ä ‚Äî –¥–æ—Å—Ç–∞–≤–ª—è–µ–º –∞–≤—Ç–æ—Ä—Å–∫–∏–µ —Ç–æ—Ä—Ç—ã –∏ –¥–µ—Å–µ—Ä—Ç—ã —Ä—É—á–Ω–æ–π —Ä–∞–±–æ—Ç—ã –≤ –®—É—à–∞—Ä—ã. –ë–∏—Å–∫–≤–∏—Ç–Ω—ã–µ, –±–µ–Ω—Ç–æ, 3D-—Ç–æ—Ä—Ç—ã, –º–µ—Ä–µ–Ω–≥–æ–≤—ã–µ —Ä—É–ª–µ—Ç—ã –∏ –ü–∞–≤–ª–æ–≤–∞.",/prigorody/shushary/,–®—É—à–∞—Ä–∞—Ö,–®—É—à–∞—Ä—ã,–®—É—à–∞—Ä—ã,–®—É—à–∞—Ä–∞—Ö,–î–æ—Å—Ç–∞–≤–∫–∞ –≤ –®—É—à–∞—Ä—ã ¬∑ –ö–æ–ª–ø–∏–Ω–æ ¬∑ –ü—É—à–∫–∏–Ω,–®—É—à–∞—Ä–∞—Ö,"–ê–≤—Ç–æ—Ä—Å–∫–∏–µ —Ç–æ—Ä—Ç—ã –∏ –¥–µ—Å–µ—Ä—Ç—ã —Ä—É—á–Ω–æ–π —Ä–∞–±–æ—Ç—ã —Å –¥–æ—Å—Ç–∞–≤–∫–æ–π –≤ –®—É—à–∞—Ä—ã, –ö–æ–ª–ø–∏–Ω–æ –∏ –ü—É—à–∫–∏–Ω –ø—Ä—è–º–æ –∫ –≤–∞—à–µ–º—É –ø—Ä–∞–∑–¥–Ω–∏–∫—É",–ò–∑–≥–æ—Ç–æ–≤–ª–µ–Ω–∏–µ –æ—Ç 2 –¥–Ω–µ–π,–®—É—à–∞—Ä—ã,"–ö–∞–∂–¥—ã–π —Ç–æ—Ä—Ç —Å–æ–±–∏—Ä–∞–µ–º –≤—Ä—É—á–Ω—É—é –∏ –¥–æ—Å—Ç–∞–≤–ª—è–µ–º –ø—Ä—è–º–æ –∫ –≤–∞—à–µ–º—É –ø—Ä–∞–∑–¥–Ω–∏–∫—É</p>
    <div class=""catalog-grid"" id=""catalogGrid"">
      <!-- rendered by JS -->
    </div>
  </div>
</section>

<section id=""why"">
  <div class=""container"">
    <h2 class=""section-title reveal"">–ü–æ—á–µ–º—É –í—ã–±–∏—Ä–∞—é—Ç –ù–∞—Å</h2>
    <div class=""features-grid"">
      <div class=""feature reveal"">
        <div class=""feature-icon"">ü§ç</div>
        <h4>–†—É—á–Ω–∞—è –†–∞–±–æ—Ç–∞</h4>
        <p>–ö–∞–∂–¥—ã–π –¥–µ—Å–µ—Ä—Ç —Å–æ–∑–¥–∞—ë—Ç—Å—è —Å –ª—é–±–æ–≤—å—é –∏ –∑–∞–±–æ—Ç–æ–π –≤—Ä—É—á–Ω—É—é</p>
      </div>
      <div class=""feature reveal"">
        <div class=""feature-icon"">üåø</div>
        <h4>–ù–∞—Ç—É—Ä–∞–ª—å–Ω—ã–µ –ò–Ω–≥—Ä–µ–¥–∏–µ–Ω—Ç—ã</h4>
        <p>–¢–æ–ª—å–∫–æ –∫–∞—á–µ—Å—Ç–≤–µ–Ω–Ω—ã–µ –ø—Ä–æ–¥—É–∫—Ç—ã –±–µ–∑ –∏—Å–∫—É—Å—Å—Ç–≤–µ–Ω–Ω—ã—Ö –¥–æ–±–∞–≤–æ–∫</p>
      </div>
      <div class=""feature reveal"">
        <div class=""feature-icon"">üéØ</div>
        <h4>–°–≤–µ–∂–µ—Å—Ç—å –ü–æ–¥ –ó–∞–∫–∞–∑</h4>
        <p>–ì–æ—Ç–æ–≤–∏–º —Å–ø–µ—Ü–∏–∞–ª—å–Ω–æ –¥–ª—è –≤–∞—Å, –≤—Å–µ–≥–¥–∞ —Å–≤–µ–∂–µ–µ</p>
      </div>
      <div class=""feature reveal"">
        <div class=""feature-icon"">üì¶</div>
        <h4>–î–æ—Å—Ç–∞–≤–∫–∞ –ü–æ –°–ü–±</h4>
        <p>–ê–∫–∫—É—Ä–∞—Ç–Ω–∞—è –¥–æ—Å—Ç–∞–≤–∫–∞ –≤ –∫—Ä–∞—Å–∏–≤–æ–π —É–ø–∞–∫–æ–≤–∫–µ</p>
      </div>
    </div>
  </div>
</section>

<section id=""reviews"" style=""background:var(--white);padding:100px 60px;"">
  <div class=""container"">
    <h2 class=""section-title reveal"">–û—Ç–∑—ã–≤—ã –ö–ª–∏–µ–Ω—Ç–æ–≤</h2>
    <p class=""section-sub reveal"">–î–æ—Å—Ç–∞–≤–ª—è–µ–º —Ä–∞–¥–æ—Å—Ç—å –≤ –°–ü–± –∏ –®—É—à–∞—Ä—ã",–®—É—à–∞—Ä—ã –∏ –ö–æ–ª–ø–∏–Ω–æ,"Milovi Cake ‚Äî —á–∞—Å—Ç–Ω—ã–π –∫–æ–Ω–¥–∏—Ç–µ—Ä, –¥–æ—Å—Ç–∞–≤–ª—è–µ—Ç –∞–≤—Ç–æ—Ä—Å–∫–∏–µ —Ç–æ—Ä—Ç—ã –∏ –¥–µ—Å–µ—Ä—Ç—ã –≤ –®—É—à–∞—Ä—ã, –ö–æ–ª–ø–∏–Ω–æ –∏ –ü—É—à–∫–∏–Ω. –î–æ—Å—Ç–∞–≤–∫–∞ –∏–∑ –°–∞–Ω–∫—Ç-–ü–µ—Ç–µ—Ä–±—É—Ä–≥–∞ ‚Äî —Å–æ–±—Å—Ç–≤–µ–Ω–Ω–æ–π —Å–ª—É–∂–±–æ–π –ø–æ –¥–æ–≥–æ–≤–æ—Ä—ë–Ω–Ω–æ—Å—Ç–∏ –∏–ª–∏ —á–µ—Ä–µ–∑ –Ø–Ω–¥–µ–∫—Å.–î–æ—Å—Ç–∞–≤–∫—É. –ü—Ä–∏–Ω–∏–º–∞–µ–º –∑–∞–∫–∞–∑—ã –∑–∞—Ä–∞–Ω–µ–µ –∏ –ø—Ä–∏–≤–æ–∑–∏–º —Ç–æ—Ä—Ç —Å–≤–µ–∂–∏–º –ø—Ä—è–º–æ –∫ –≤–∞—à–µ–º—É –ø—Ä–∞–∑–¥–Ω–∏–∫—É.",,–ß–∞—Å—Ç–Ω—ã–π –∫–æ–Ω–¥–∏—Ç–µ—Ä —Å –¥–æ—Å—Ç–∞–≤–∫–æ–π –≤ –®—É—à–∞—Ä—ã ‚Äî Milovi Cake,"–ò—â–µ—Ç–µ —Ç–æ—Ä—Ç –Ω–∞ –∑–∞–∫–∞–∑ –≤ –®—É—à–∞—Ä–∞—Ö? Milovi Cake ‚Äî —á–∞—Å—Ç–Ω—ã–π –∫–æ–Ω–¥–∏—Ç–µ—Ä –∏–∑ –°–∞–Ω–∫—Ç-–ü–µ—Ç–µ—Ä–±—É—Ä–≥–∞, –¥–æ—Å—Ç–∞–≤–ª—è—é—â–∏–π –∞–≤—Ç–æ—Ä—Å–∫–∏–µ —Ç–æ—Ä—Ç—ã –≤ –®—É—à–∞—Ä—ã. –ö–∞–∂–¥—ã–π —Ç–æ—Ä—Ç –¥–µ–ª–∞–µ—Ç—Å—è –≤—Ä—É—á–Ω—É—é, –Ω–∞ –Ω–∞—Ç—É—Ä–∞–ª—å–Ω—ã—Ö —Å–ª–∏–≤–∫–∞—Ö –∏ –∫–∞—á–µ—Å—Ç–≤–µ–Ω–Ω–æ–º —Å—ã—Ä–µ –∫—Ä–µ–º-—á–∏–∑, –±–µ–∑ –≥–æ—Ç–æ–≤—ã—Ö —Å–º–µ—Å–µ–π –∏ —Ä–∞—Å—Ç–∏—Ç–µ–ª—å–Ω—ã—Ö –∑–∞–º–µ–Ω–∏—Ç–µ–ª–µ–π. –í—ã –≤—ã–±–∏—Ä–∞–µ—Ç–µ –≤–∫—É—Å, —Ä–∞–∑–º–µ—Ä –∏ –æ—Ñ–æ—Ä–º–ª–µ–Ω–∏–µ ‚Äî —è —Å–æ–∑–¥–∞—é –¥–µ—Å–µ—Ä—Ç –∏–º–µ–Ω–Ω–æ –ø–æ–¥ –≤–∞—à –ø—Ä–∞–∑–¥–Ω–∏–∫.","–î–ª—è –∂–∏—Ç–µ–ª–µ–π –®—É—à–∞—Ä –¥–æ—Å—Ç—É–ø–Ω—ã –≤–∞–Ω–∏–ª—å–Ω—ã–µ —Ç–æ—Ä—Ç—ã –Ω–∞ –∑–∞–∫–∞–∑: ¬´–í–æ–∑–¥—É—à–Ω—ã–π –ø–æ—Ü–µ–ª—É–π¬ª —Å –∫–ª—É–±–Ω–∏—á–Ω–æ–π –Ω–∞—á–∏–Ω–∫–æ–π, ¬´–í–∞–Ω–∏–ª—å–Ω–∞—è –≤–∏—à–Ω—è¬ª, ¬´–í–∞–Ω–∏–ª—å–Ω—ã–π –º–∏–∫—Å —è–≥–æ–¥¬ª —Å –º–∞–ª–∏–Ω–æ–π –∏ –≥–æ–ª—É–±–∏–∫–æ–π, ¬´–í–∞–Ω–∏–ª—å–Ω—ã–µ —Ç—Ä–æ–ø–∏–∫–∏¬ª —Å –∫—É—Ä–¥–æ–º –º–∞–Ω–≥–æ-–º–∞—Ä–∞–∫—É–π—è, ¬´–ë–µ–ª—ã–π —Å–Ω–∏–∫–µ—Ä—Å¬ª —Å –¥–æ–º–∞—à–Ω–µ–π —Å–æ–ª—ë–Ω–æ–π –∫–∞—Ä–∞–º–µ–ª—å—é. –ò–∑ —à–æ–∫–æ–ª–∞–¥–Ω—ã—Ö ‚Äî ¬´–í–∏—à–Ω—è –≤ —à–æ–∫–æ–ª–∞–¥–µ¬ª, ¬´–®–æ–∫–æ–ª–∞–¥–Ω—ã–π –º–∏–∫—Å —è–≥–æ–¥¬ª, ¬´–°–Ω–∏–∫–µ—Ä—Å¬ª —Å –∞—Ä–∞—Ö–∏—Å–æ–º, ¬´–§–µ—Ä—Ä–µ—Ä–æ¬ª —Å —Ö—Ä—É—Å—Ç—è—â–µ–π –≤–∞—Ñ–ª–µ–π. –ò–∑ –∫–ª–∞—Å—Å–∏–∫–∏ —Ç–æ—Ä—Ç–æ–≤ –Ω–∞ –∑–∞–∫–∞–∑ ‚Äî ¬´–ö—Ä–∞—Å–Ω—ã–π –±–∞—Ä—Ö–∞—Ç¬ª –∏ –¥–æ–º–∞—à–Ω–∏–π ¬´–ú–µ–¥–æ–≤–∏–∫¬ª.","–ú–µ—Ä–µ–Ω–≥–æ–≤—ã–µ —Ä—É–ª–µ—Ç—ã –Ω–∞ –∑–∞–∫–∞–∑ —Å –¥–æ—Å—Ç–∞–≤–∫–æ–π –≤ –®—É—à–∞—Ä—ã –∏ –ø–∏—Ä–æ–∂–Ω–æ–µ –ü–∞–≤–ª–æ–≤–∞ ‚Äî –±–µ–∑–≥–ª—é—Ç–µ–Ω–æ–≤—ã–µ –¥–µ—Å–µ—Ä—Ç—ã —Å —Ö—Ä—É—Å—Ç—è—â–µ–π –º–µ—Ä–µ–Ω–≥–æ–π, –Ω–µ–∂–Ω—ã–º –∫—Ä–µ–º–æ–º –∏ —Å–≤–µ–∂–∏–º–∏ —è–≥–æ–¥–∞–º–∏. –ü—Ä–∏–Ω–∏–º–∞–µ–º –∑–∞–∫–∞–∑—ã –Ω–∞ —Ç–æ—Ä—Ç—ã –¥–ª—è –¥–Ω–µ–π —Ä–æ–∂–¥–µ–Ω–∏—è –≤ –®—É—à–∞—Ä–∞—Ö, —Å–≤–∞–¥–µ–±, –¥–µ—Ç—Å–∫–∏—Ö –ø—Ä–∞–∑–¥–Ω–∏–∫–æ–≤ –∏ –∫–æ—Ä–ø–æ—Ä–∞—Ç–∏–≤–æ–≤. –î–æ—Å—Ç–∞–≤–∫–∞ —Ç–æ—Ä—Ç–æ–≤ –≤ –®—É—à–∞—Ä—ã, –ö–æ–ª–ø–∏–Ω–æ –∏ –ü—É—à–∫–∏–Ω ‚Äî —Å–æ–±—Å—Ç–≤–µ–Ω–Ω–æ–π —Å–ª—É–∂–±–æ–π –∏–ª–∏ —á–µ—Ä–µ–∑ –Ø–Ω–¥–µ–∫—Å.–î–æ—Å—Ç–∞–≤–∫—É.",–¢–æ—Ä—Ç—ã –≤ –®—É—à–∞—Ä–∞—Ö|–¢–æ—Ä—Ç—ã –≤ –ö–æ–ª–ø–∏–Ω–æ|–¢–æ—Ä—Ç—ã –≤ –ü—É—à–∫–∏–Ω–µ|–¢–æ—Ä—Ç –Ω–∞ –¥–µ–Ω—å —Ä–æ–∂–¥–µ–Ω–∏—è –≤ –®—É—à–∞—Ä–∞—Ö|–¢–æ—Ä—Ç –Ω–∞ —Å–≤–∞–¥—å–±—É –≤ –®—É—à–∞—Ä–∞—Ö|–î–µ—Ç—Å–∫–∏–π —Ç–æ—Ä—Ç –≤ –®—É—à–∞—Ä—ã|–ú–µ—Ä–µ–Ω–≥–æ–≤—ã–π —Ä—É–ª–µ—Ç –≤ –®—É—à–∞—Ä—ã|–ë–µ–Ω—Ç–æ —Ç–æ—Ä—Ç –≤ –®—É—à–∞—Ä—ã|–ü–∞–≤–ª–æ–≤–∞ –≤ –®—É—à–∞—Ä—ã
tosno,–¢–æ—Ä—Ç—ã –Ω–∞ –∑–∞–∫–∞–∑ –≤ –¢–æ—Å–Ω–æ ‚Äî Milovi Cake | –î–æ—Å—Ç–∞–≤–∫–∞ –∏–∑ –°–ü–±,"–°–≤–∞–¥–µ–±–Ω—ã–π —Ç–æ—Ä—Ç, —Ç–æ—Ä—Ç –Ω–∞ –¥–µ–Ω—å —Ä–æ–∂–¥–µ–Ω–∏—è, –¥–µ—Ç—Å–∫–∏–π —Ç–æ—Ä—Ç –Ω–∞ –∑–∞–∫–∞–∑ –≤ –¢–æ—Å–Ω–æ –æ—Ç —á–∞—Å—Ç–Ω–æ–≥–æ –∫–æ–Ω–¥–∏—Ç–µ—Ä–∞. –î–æ—Å—Ç–∞–≤–∫–∞ –∏–∑ –°–ü–±. –†—É—á–Ω–∞—è —Ä–∞–±–æ—Ç–∞, –Ω–∞—Ç—É—Ä–∞–ª—å–Ω—ã–µ –∏–Ω–≥—Ä–µ–¥–∏–µ–Ω—Ç—ã.",Milovi Cake ‚Äî –¢–æ—Ä—Ç—ã –Ω–∞ –∑–∞–∫–∞–∑ –≤ –¢–æ—Å–Ω–æ,"–ß–∞—Å—Ç–Ω—ã–π –∫–æ–Ω–¥–∏—Ç–µ—Ä ‚Äî –¥–æ—Å—Ç–∞–≤–ª—è–µ–º –∞–≤—Ç–æ—Ä—Å–∫–∏–µ —Ç–æ—Ä—Ç—ã –∏ –¥–µ—Å–µ—Ä—Ç—ã —Ä—É—á–Ω–æ–π —Ä–∞–±–æ—Ç—ã –≤ –¢–æ—Å–Ω–æ. –ë–∏—Å–∫–≤–∏—Ç–Ω—ã–µ, –±–µ–Ω—Ç–æ, 3D-—Ç–æ—Ä—Ç—ã, –º–µ—Ä–µ–Ω–≥–æ–≤—ã–µ —Ä—É–ª–µ—Ç—ã –∏ –ü–∞–≤–ª–æ–≤–∞.",/prigorody/tosno/,–¢–æ—Å–Ω–æ,–¢–æ—Å–Ω–æ,–¢–æ—Å–Ω–æ,–¢–æ—Å–Ω–æ,–î–æ—Å—Ç–∞–≤–∫–∞ –≤ –¢–æ—Å–Ω–æ ¬∑ –ö–æ–ª–ø–∏–Ω–æ ¬∑ –ù–∏–∫–æ–ª—å—Å–∫–æ–µ,–¢–æ—Å–Ω–æ,"–ê–≤—Ç–æ—Ä—Å–∫–∏–µ —Ç–æ—Ä—Ç—ã –∏ –¥–µ—Å–µ—Ä—Ç—ã —Ä—É—á–Ω–æ–π —Ä–∞–±–æ—Ç—ã —Å –¥–æ—Å—Ç–∞–≤–∫–æ–π –≤ –¢–æ—Å–Ω–æ, –ö–æ–ª–ø–∏–Ω–æ –∏ –ù–∏–∫–æ–ª—å—Å–∫–æ–µ –ø—Ä—è–º–æ –∫ –≤–∞—à–µ–º—É –ø—Ä–∞–∑–¥–Ω–∏–∫—É",–ò–∑–≥–æ—Ç–æ–≤–ª–µ–Ω–∏–µ –æ—Ç 2 –¥–Ω–µ–π,–¢–æ—Å–Ω–æ,"–ö–∞–∂–¥—ã–π —Ç–æ—Ä—Ç —Å–æ–±–∏—Ä–∞–µ–º –≤—Ä—É—á–Ω—É—é –∏ –¥–æ—Å—Ç–∞–≤–ª—è–µ–º –ø—Ä—è–º–æ –∫ –≤–∞—à–µ–º—É –ø—Ä–∞–∑–¥–Ω–∏–∫—É</p>
    <div class=""catalog-grid"" id=""catalogGrid"">
      <!-- rendered by JS -->
    </div>
  </div>
</section>

<section id=""why"">
  <div class=""container"">
    <h2 class=""section-title reveal"">–ü–æ—á–µ–º—É –í—ã–±–∏—Ä–∞—é—Ç –ù–∞—Å</h2>
    <div class=""features-grid"">
      <div class=""feature reveal"">
        <div class=""feature-icon"">ü§ç</div>
        <h4>–†—É—á–Ω–∞—è –†–∞–±–æ—Ç–∞</h4>
        <p>–ö–∞–∂–¥—ã–π –¥–µ—Å–µ—Ä—Ç —Å–æ–∑–¥–∞—ë—Ç—Å—è —Å –ª—é–±–æ–≤—å—é –∏ –∑–∞–±–æ—Ç–æ–π –≤—Ä—É—á–Ω—É—é</p>
      </div>
      <div class=""feature reveal"">
        <div class=""feature-icon"">üåø</div>
        <h4>–ù–∞—Ç—É—Ä–∞–ª—å–Ω—ã–µ –ò–Ω–≥—Ä–µ–¥–∏–µ–Ω—Ç—ã</h4>
        <p>–¢–æ–ª—å–∫–æ –∫–∞—á–µ—Å—Ç–≤–µ–Ω–Ω—ã–µ –ø—Ä–æ–¥—É–∫—Ç—ã –±–µ–∑ –∏—Å–∫—É—Å—Å—Ç–≤–µ–Ω–Ω—ã—Ö –¥–æ–±–∞–≤–æ–∫</p>
      </div>
      <div class=""feature reveal"">
        <div class=""feature-icon"">üéØ</div>
        <h4>–°–≤–µ–∂–µ—Å—Ç—å –ü–æ–¥ –ó–∞–∫–∞–∑</h4>
        <p>–ì–æ—Ç–æ–≤–∏–º —Å–ø–µ—Ü–∏–∞–ª—å–Ω–æ –¥–ª—è –≤–∞—Å, –≤—Å–µ–≥–¥–∞ —Å–≤–µ–∂–µ–µ</p>
      </div>
      <div class=""feature reveal"">
        <div class=""feature-icon"">üì¶</div>
        <h4>–î–æ—Å—Ç–∞–≤–∫–∞ –ü–æ –°–ü–±</h4>
        <p>–ê–∫–∫—É—Ä–∞—Ç–Ω–∞—è –¥–æ—Å—Ç–∞–≤–∫–∞ –≤ –∫—Ä–∞—Å–∏–≤–æ–π —É–ø–∞–∫–æ–≤–∫–µ</p>
      </div>
    </div>
  </div>
</section>

<section id=""reviews"" style=""background:var(--white);padding:100px 60px;"">
  <div class=""container"">
    <h2 class=""section-title reveal"">–û—Ç–∑—ã–≤—ã –ö–ª–∏–µ–Ω—Ç–æ–≤</h2>
    <p class=""section-sub reveal"">–î–æ—Å—Ç–∞–≤–ª—è–µ–º —Ä–∞–¥–æ—Å—Ç—å –≤ –°–ü–± –∏ –¢–æ—Å–Ω–æ",–¢–æ—Å–Ω–æ –∏ –¢–æ—Å–Ω–µ–Ω—Å–∫–∏–π —Ä–∞–π–æ–Ω,"Milovi Cake ‚Äî —á–∞—Å—Ç–Ω—ã–π –∫–æ–Ω–¥–∏—Ç–µ—Ä, –¥–æ—Å—Ç–∞–≤–ª—è–µ—Ç –∞–≤—Ç–æ—Ä—Å–∫–∏–µ —Ç–æ—Ä—Ç—ã –∏ –¥–µ—Å–µ—Ä—Ç—ã –≤ –¢–æ—Å–Ω–æ –∏ –¢–æ—Å–Ω–µ–Ω—Å–∫–∏–π —Ä–∞–π–æ–Ω –õ–µ–Ω–∏–Ω–≥—Ä–∞–¥—Å–∫–æ–π –æ–±–ª–∞—Å—Ç–∏. –î–æ—Å—Ç–∞–≤–∫–∞ –∏–∑ –°–∞–Ω–∫—Ç-–ü–µ—Ç–µ—Ä–±—É—Ä–≥–∞ ‚Äî —Å–æ–±—Å—Ç–≤–µ–Ω–Ω–æ–π —Å–ª—É–∂–±–æ–π –ø–æ –¥–æ–≥–æ–≤–æ—Ä—ë–Ω–Ω–æ—Å—Ç–∏ –∏–ª–∏ —á–µ—Ä–µ–∑ –Ø–Ω–¥–µ–∫—Å.–î–æ—Å—Ç–∞–≤–∫—É. –ü—Ä–∏–Ω–∏–º–∞–µ–º –∑–∞–∫–∞–∑—ã –∑–∞—Ä–∞–Ω–µ–µ –∏ –ø—Ä–∏–≤–æ–∑–∏–º —Ç–æ—Ä—Ç —Å–≤–µ–∂–∏–º –ø—Ä—è–º–æ –∫ –≤–∞—à–µ–º—É –ø—Ä–∞–∑–¥–Ω–∏–∫—É.",,–ß–∞—Å—Ç–Ω—ã–π –∫–æ–Ω–¥–∏—Ç–µ—Ä —Å –¥–æ—Å—Ç–∞–≤–∫–æ–π –≤ –¢–æ—Å–Ω–æ ‚Äî Milovi Cake,"–ò—â–µ—Ç–µ —Ç–æ—Ä—Ç –Ω–∞ –∑–∞–∫–∞–∑ –≤ –¢–æ—Å–Ω–æ? Milovi Cake ‚Äî —á–∞—Å—Ç–Ω—ã–π –∫–æ–Ω–¥–∏—Ç–µ—Ä –∏–∑ –°–∞–Ω–∫—Ç-–ü–µ—Ç–µ—Ä–±—É—Ä–≥–∞, –¥–æ—Å—Ç–∞–≤–ª—è—é—â–∏–π –∞–≤—Ç–æ—Ä—Å–∫–∏–µ —Ç–æ—Ä—Ç—ã –≤ –¢–æ—Å–Ω–æ. –ö–∞–∂–¥—ã–π —Ç–æ—Ä—Ç –¥–µ–ª–∞–µ—Ç—Å—è –≤—Ä—É—á–Ω—É—é, –Ω–∞ –Ω–∞—Ç—É—Ä–∞–ª—å–Ω—ã—Ö —Å–ª–∏–≤–∫–∞—Ö –∏ –∫–∞—á–µ—Å—Ç–≤–µ–Ω–Ω–æ–º —Å—ã—Ä–µ –∫—Ä–µ–º-—á–∏–∑, –±–µ–∑ –≥–æ—Ç–æ–≤—ã—Ö —Å–º–µ—Å–µ–π –∏ —Ä–∞—Å—Ç–∏—Ç–µ–ª—å–Ω—ã—Ö –∑–∞–º–µ–Ω–∏—Ç–µ–ª–µ–π. –í—ã –≤—ã–±–∏—Ä–∞–µ—Ç–µ –≤–∫—É—Å, —Ä–∞–∑–º–µ—Ä –∏ –æ—Ñ–æ—Ä–º–ª–µ–Ω–∏–µ ‚Äî —è —Å–æ–∑–¥–∞—é –¥–µ—Å–µ—Ä—Ç –∏–º–µ–Ω–Ω–æ –ø–æ–¥ –≤–∞—à –ø—Ä–∞–∑–¥–Ω–∏–∫.","–î–ª—è –∂–∏—Ç–µ–ª–µ–π –¢–æ—Å–Ω–æ –¥–æ—Å—Ç—É–ø–Ω—ã –≤–∞–Ω–∏–ª—å–Ω—ã–µ —Ç–æ—Ä—Ç—ã –Ω–∞ –∑–∞–∫–∞–∑: ¬´–í–æ–∑–¥—É—à–Ω—ã–π –ø–æ—Ü–µ–ª—É–π¬ª —Å –∫–ª—É–±–Ω–∏—á–Ω–æ–π –Ω–∞—á–∏–Ω–∫–æ–π, ¬´–í–∞–Ω–∏–ª—å–Ω–∞—è –≤–∏—à–Ω—è¬ª, ¬´–í–∞–Ω–∏–ª—å–Ω—ã–π –º–∏–∫—Å —è–≥–æ–¥¬ª —Å –º–∞–ª–∏–Ω–æ–π –∏ –≥–æ–ª—É–±–∏–∫–æ–π, ¬´–í–∞–Ω–∏–ª—å–Ω—ã–µ —Ç—Ä–æ–ø–∏–∫–∏¬ª —Å –∫—É—Ä–¥–æ–º –º–∞–Ω–≥–æ-–º–∞—Ä–∞–∫—É–π—è, ¬´–ë–µ–ª—ã–π —Å–Ω–∏–∫–µ—Ä—Å¬ª —Å –¥–æ–º–∞—à–Ω–µ–π —Å–æ–ª—ë–Ω–æ–π –∫–∞—Ä–∞–º–µ–ª—å—é. –ò–∑ —à–æ–∫–æ–ª–∞–¥–Ω—ã—Ö ‚Äî ¬´–í–∏—à–Ω—è –≤ —à–æ–∫–æ–ª–∞–¥–µ¬ª, ¬´–®–æ–∫–æ–ª–∞–¥–Ω—ã–π –º–∏–∫—Å —è–≥–æ–¥¬ª, ¬´–°–Ω–∏–∫–µ—Ä—Å¬ª —Å –∞—Ä–∞—Ö–∏—Å–æ–º, ¬´–§–µ—Ä—Ä–µ—Ä–æ¬ª —Å —Ö—Ä—É—Å—Ç—è—â–µ–π –≤–∞—Ñ–ª–µ–π. –ò–∑ –∫–ª–∞—Å—Å–∏–∫–∏ —Ç–æ—Ä—Ç–æ–≤ –Ω–∞ –∑–∞–∫–∞–∑ ‚Äî ¬´–ö—Ä–∞—Å–Ω—ã–π –±–∞—Ä—Ö–∞—Ç¬ª –∏ –¥–æ–º–∞—à–Ω–∏–π ¬´–ú–µ–¥–æ–≤–∏–∫¬ª.","–ú–µ—Ä–µ–Ω–≥–æ–≤—ã–µ —Ä—É–ª–µ—Ç—ã –Ω–∞ –∑–∞–∫–∞–∑ —Å –¥–æ—Å—Ç–∞–≤–∫–æ–π –≤ –¢–æ—Å–Ω–æ –∏ –ø–∏—Ä–æ–∂–Ω–æ–µ –ü–∞–≤–ª–æ–≤–∞ ‚Äî –±–µ–∑–≥–ª—é—Ç–µ–Ω–æ–≤—ã–µ –¥–µ—Å–µ—Ä—Ç—ã —Å —Ö—Ä—É—Å—Ç—è—â–µ–π –º–µ—Ä–µ–Ω–≥–æ–π, –Ω–µ–∂–Ω—ã–º –∫—Ä–µ–º–æ–º –∏ —Å–≤–µ–∂–∏–º–∏ —è–≥–æ–¥–∞–º–∏. –ü—Ä–∏–Ω–∏–º–∞–µ–º –∑–∞–∫–∞–∑—ã –Ω–∞ —Ç–æ—Ä—Ç—ã –¥–ª—è –¥–Ω–µ–π —Ä–æ–∂–¥–µ–Ω–∏—è –≤ –¢–æ—Å–Ω–æ, —Å–≤–∞–¥–µ–±, –¥–µ—Ç—Å–∫–∏—Ö –ø—Ä–∞–∑–¥–Ω–∏–∫–æ–≤ –∏ –∫–æ—Ä–ø–æ—Ä–∞—Ç–∏–≤–æ–≤. –î–æ—Å—Ç–∞–≤–∫–∞ —Ç–æ—Ä—Ç–æ–≤ –≤ –¢–æ—Å–Ω–æ –∏ –ö–æ–ª–ø–∏–Ω–æ ‚Äî —Å–æ–±—Å—Ç–≤–µ–Ω–Ω–æ–π —Å–ª—É–∂–±–æ–π –∏–ª–∏ —á–µ—Ä–µ–∑ –Ø–Ω–¥–µ–∫—Å.–î–æ—Å—Ç–∞–≤–∫—É.",–¢–æ—Ä—Ç—ã –≤ –¢–æ—Å–Ω–æ|–¢–æ—Ä—Ç—ã –≤ –ù–∏–∫–æ–ª—å—Å–∫–æ–º|–¢–æ—Ä—Ç—ã –≤ –ö–æ–ª–ø–∏–Ω–æ|–¢–æ—Ä—Ç –Ω–∞ –¥–µ–Ω—å —Ä–æ–∂–¥–µ–Ω–∏—è –≤ –¢–æ—Å–Ω–æ|–¢–æ—Ä—Ç –Ω–∞ —Å–≤–∞–¥—å–±—É –≤ –¢–æ—Å–Ω–æ|–î–µ—Ç—Å–∫–∏–π —Ç–æ—Ä—Ç –≤ –¢–æ—Å–Ω–æ|–ú–µ—Ä–µ–Ω–≥–æ–≤—ã–π —Ä—É–ª–µ—Ç –≤ –¢–æ—Å–Ω–æ|–ë–µ–Ω—Ç–æ —Ç–æ—Ä—Ç –≤ –¢–æ—Å–Ω–æ|–ü–∞–≤–ª–æ–≤–∞ –≤ –¢–æ—Å–Ω–æ
vsevolozhsk,–¢–æ—Ä—Ç—ã –Ω–∞ –∑–∞–∫–∞–∑ –≤–æ –í—Å–µ–≤–æ–ª–æ–∂—Å–∫–µ ‚Äî Milovi Cake | –î–æ—Å—Ç–∞–≤–∫–∞ –∏–∑ –°–ü–±,"–°–≤–∞–¥–µ–±–Ω—ã–π —Ç–æ—Ä—Ç, —Ç–æ—Ä—Ç –Ω–∞ –¥–µ–Ω—å —Ä–æ–∂–¥–µ–Ω–∏—è, –¥–µ—Ç—Å–∫–∏–π —Ç–æ—Ä—Ç –Ω–∞ –∑–∞–∫–∞–∑ –≤–æ –í—Å–µ–≤–æ–ª–æ–∂—Å–∫ –æ—Ç —á–∞—Å—Ç–Ω–æ–≥–æ –∫–æ–Ω–¥–∏—Ç–µ—Ä–∞. –î–æ—Å—Ç–∞–≤–∫–∞ –∏–∑ –°–ü–±. –†—É—á–Ω–∞—è —Ä–∞–±–æ—Ç–∞, –Ω–∞—Ç—É—Ä–∞–ª—å–Ω—ã–µ –∏–Ω–≥—Ä–µ–¥–∏–µ–Ω—Ç—ã.",Milovi Cake ‚Äî –¢–æ—Ä—Ç—ã –Ω–∞ –∑–∞–∫–∞–∑ –≤–æ –í—Å–µ–≤–æ–ª–æ–∂—Å–∫–µ,"–ß–∞—Å—Ç–Ω—ã–π –∫–æ–Ω–¥–∏—Ç–µ—Ä ‚Äî –¥–æ—Å—Ç–∞–≤–ª—è–µ–º –∞–≤—Ç–æ—Ä—Å–∫–∏–µ —Ç–æ—Ä—Ç—ã –∏ –¥–µ—Å–µ—Ä—Ç—ã —Ä—É—á–Ω–æ–π —Ä–∞–±–æ—Ç—ã –≤–æ –í—Å–µ–≤–æ–ª–æ–∂—Å–∫. –ë–∏—Å–∫–≤–∏—Ç–Ω—ã–µ, –±–µ–Ω—Ç–æ, 3D-—Ç–æ—Ä—Ç—ã, –º–µ—Ä–µ–Ω–≥–æ–≤—ã–µ —Ä—É–ª–µ—Ç—ã –∏ –ü–∞–≤–ª–æ–≤–∞.",/prigorody/vsevolozhsk/,,–í—Å–µ–≤–æ–ª–æ–∂—Å–∫,–í—Å–µ–≤–æ–ª–æ–∂—Å–∫,,–î–æ—Å—Ç–∞–≤–∫–∞ –≤–æ –í—Å–µ–≤–æ–ª–æ–∂—Å–∫ ¬∑ –ö—É–¥—Ä–æ–≤–æ ¬∑ –ú—É—Ä–∏–Ω–æ,–í—Å–µ–≤–æ–ª–æ–∂—Å–∫–µ,"–ê–≤—Ç–æ—Ä—Å–∫–∏–µ —Ç–æ—Ä—Ç—ã –∏ –¥–µ—Å–µ—Ä—Ç—ã —Ä—É—á–Ω–æ–π —Ä–∞–±–æ—Ç—ã —Å –¥–æ—Å—Ç–∞–≤–∫–æ–π –≤–æ –í—Å–µ–≤–æ–ª–æ–∂—Å–∫, –ö—É–¥—Ä–æ–≤–æ –∏ –ú—É—Ä–∏–Ω–æ –ø—Ä—è–º–æ –∫ –≤–∞—à–µ–º—É –ø—Ä–∞–∑–¥–Ω–∏–∫—É",–ò–∑–≥–æ—Ç–æ–≤–ª–µ–Ω–∏–µ –æ—Ç 2 –¥–Ω–µ–π,,"–ö–∞–∂–¥—ã–π —Ç–æ—Ä—Ç —Å–æ–±–∏—Ä–∞–µ–º –≤—Ä—É—á–Ω—É—é –∏ –¥–æ—Å—Ç–∞–≤–ª—è–µ–º –ø—Ä—è–º–æ –∫ –≤–∞—à–µ–º—É –ø—Ä–∞–∑–¥–Ω–∏–∫—É</p>
    <div class=""catalog-grid"" id=""catalogGrid"">
      <!-- rendered by JS -->
    </div>
  </div>
</section>

<section id=""why"">
  <div class=""container"">
    <h2 class=""section-title reveal"">–ü–æ—á–µ–º—É –í—ã–±–∏—Ä–∞—é—Ç –ù–∞—Å</h2>
    <div class=""features-grid"">
      <div class=""feature reveal"">
        <div class=""feature-icon"">ü§ç</div>
        <h4>–†—É—á–Ω–∞—è –†–∞–±–æ—Ç–∞</h4>
        <p>–ö–∞–∂–¥—ã–π –¥–µ—Å–µ—Ä—Ç —Å–æ–∑–¥–∞—ë—Ç—Å—è —Å –ª—é–±–æ–≤—å—é –∏ –∑–∞–±–æ—Ç–æ–π –≤—Ä—É—á–Ω—É—é</p>
      </div>
      <div class=""feature reveal"">
        <div class=""feature-icon"">üåø</div>
        <h4>–ù–∞—Ç—É—Ä–∞–ª—å–Ω—ã–µ –ò–Ω–≥—Ä–µ–¥–∏–µ–Ω—Ç—ã</h4>
        <p>–¢–æ–ª—å–∫–æ –∫–∞—á–µ—Å—Ç–≤–µ–Ω–Ω—ã–µ –ø—Ä–æ–¥—É–∫—Ç—ã –±–µ–∑ –∏—Å–∫—É—Å—Å—Ç–≤–µ–Ω–Ω—ã—Ö –¥–æ–±–∞–≤–æ–∫</p>
      </div>
      <div class=""feature reveal"">
        <div class=""feature-icon"">üéØ</div>
        <h4>–°–≤–µ–∂–µ—Å—Ç—å –ü–æ–¥ –ó–∞–∫–∞–∑</h4>
        <p>–ì–æ—Ç–æ–≤–∏–º —Å–ø–µ—Ü–∏–∞–ª—å–Ω–æ –¥–ª—è –≤–∞—Å, –≤—Å–µ–≥–¥–∞ —Å–≤–µ–∂–µ–µ</p>
      </div>
      <div class=""feature reveal"">
        <div class=""feature-icon"">üì¶</div>
        <h4>–î–æ—Å—Ç–∞–≤–∫–∞ –ü–æ –°–ü–±</h4>
        <p>–ê–∫–∫—É—Ä–∞—Ç–Ω–∞—è –¥–æ—Å—Ç–∞–≤–∫–∞ –≤ –∫—Ä–∞—Å–∏–≤–æ–π —É–ø–∞–∫–æ–≤–∫–µ</p>
      </div>
    </div>
  </div>
</section>

<section id=""reviews"" style=""background:var(--white);padding:100px 60px;"">
  <div class=""container"">
    <h2 class=""section-title reveal"">–û—Ç–∑—ã–≤—ã –ö–ª–∏–µ–Ω—Ç–æ–≤</h2>
    <p class=""section-sub reveal"">–î–æ—Å—Ç–∞–≤–ª—è–µ–º —Ä–∞–¥–æ—Å—Ç—å –≤ –°–ü–± –∏ –í—Å–µ–≤–æ–ª–æ–∂—Å–∫","–î–æ—Å—Ç–∞–≤–∫–∞ —Ç–æ—Ä—Ç–æ–≤ –≤–æ –í—Å–µ–≤–æ–ª–æ–∂—Å–∫, –ö—É–¥—Ä–æ–≤–æ –∏ –ú—É—Ä–∏–Ω–æ","Milovi Cake ‚Äî —á–∞—Å—Ç–Ω—ã–π –∫–æ–Ω–¥–∏—Ç–µ—Ä, –¥–æ—Å—Ç–∞–≤–ª—è–µ—Ç –∞–≤—Ç–æ—Ä—Å–∫–∏–µ —Ç–æ—Ä—Ç—ã –∏ –¥–µ—Å–µ—Ä—Ç—ã –≤–æ –í—Å–µ–≤–æ–ª–æ–∂—Å–∫ –∏ –í—Å–µ–≤–æ–ª–æ–∂—Å–∫–∏–π —Ä–∞–π–æ–Ω –õ–µ–Ω–∏–Ω–≥—Ä–∞–¥—Å–∫–æ–π –æ–±–ª–∞—Å—Ç–∏. –î–æ—Å—Ç–∞–≤–∫–∞ –∏–∑ –°–∞–Ω–∫—Ç-–ü–µ—Ç–µ—Ä–±—É—Ä–≥–∞ ‚Äî —Å–æ–±—Å—Ç–≤–µ–Ω–Ω–æ–π —Å–ª—É–∂–±–æ–π –ø–æ –¥–æ–≥–æ–≤–æ—Ä—ë–Ω–Ω–æ—Å—Ç–∏ –∏–ª–∏ —á–µ—Ä–µ–∑ –Ø–Ω–¥–µ–∫—Å.–î–æ—Å—Ç–∞–≤–∫—É. –ü—Ä–∏–Ω–∏–º–∞–µ–º –∑–∞–∫–∞–∑—ã –∑–∞—Ä–∞–Ω–µ–µ, —É—Ç–æ—á–Ω—è–µ–º –≤—Å–µ –¥–µ—Ç–∞–ª–∏ –∏ –ø—Ä–∏–≤–æ–∑–∏–º —Ç–æ—Ä—Ç —Å–≤–µ–∂–∏–º –ø—Ä—è–º–æ –∫ –≤–∞—à–µ–º—É –ø—Ä–∞–∑–¥–Ω–∏–∫—É.",,–ß–∞—Å—Ç–Ω—ã–π –∫–æ–Ω–¥–∏—Ç–µ—Ä —Å –¥–æ—Å—Ç–∞–≤–∫–æ–π –≤–æ –í—Å–µ–≤–æ–ª–æ–∂—Å–∫ ‚Äî Milovi Cake,"–ò—â–µ—Ç–µ —Ç–æ—Ä—Ç –Ω–∞ –∑–∞–∫–∞–∑ –≤–æ –í—Å–µ–≤–æ–ª–æ–∂—Å–∫–µ? Milovi Cake ‚Äî —á–∞—Å—Ç–Ω—ã–π –∫–æ–Ω–¥–∏—Ç–µ—Ä –∏–∑ –°–∞–Ω–∫—Ç-–ü–µ—Ç–µ—Ä–±—É—Ä–≥–∞, –¥–æ—Å—Ç–∞–≤–ª—è—é—â–∏–π –∞–≤—Ç–æ—Ä—Å–∫–∏–µ —Ç–æ—Ä—Ç—ã –≤–æ –í—Å–µ–≤–æ–ª–æ–∂—Å–∫. –ö–∞–∂–¥—ã–π —Ç–æ—Ä—Ç –¥–µ–ª–∞–µ—Ç—Å—è –≤—Ä—É—á–Ω—É—é, –Ω–∞ –Ω–∞—Ç—É—Ä–∞–ª—å–Ω—ã—Ö —Å–ª–∏–≤–∫–∞—Ö –∏ –∫–∞—á–µ—Å—Ç–≤–µ–Ω–Ω–æ–º —Å—ã—Ä–µ –∫—Ä–µ–º-—á–∏–∑, –±–µ–∑ –≥–æ—Ç–æ–≤—ã—Ö —Å–º–µ—Å–µ–π –∏ —Ä–∞—Å—Ç–∏—Ç–µ–ª—å–Ω—ã—Ö –∑–∞–º–µ–Ω–∏—Ç–µ–ª–µ–π. –í—ã –≤—ã–±–∏—Ä–∞–µ—Ç–µ –≤–∫—É—Å, —Ä–∞–∑–º–µ—Ä –∏ –æ—Ñ–æ—Ä–º–ª–µ–Ω–∏–µ ‚Äî —è —Å–æ–∑–¥–∞—é –¥–µ—Å–µ—Ä—Ç –∏–º–µ–Ω–Ω–æ –ø–æ–¥ –≤–∞—à –ø—Ä–∞–∑–¥–Ω–∏–∫.","–î–ª—è –∂–∏—Ç–µ–ª–µ–π –í—Å–µ–≤–æ–ª–æ–∂—Å–∫–∞ –¥–æ—Å—Ç—É–ø–Ω—ã –≤–∞–Ω–∏–ª—å–Ω—ã–µ —Ç–æ—Ä—Ç—ã –Ω–∞ –∑–∞–∫–∞–∑: ¬´–í–æ–∑–¥—É—à–Ω—ã–π –ø–æ—Ü–µ–ª—É–π¬ª —Å –∫–ª—É–±–Ω–∏—á–Ω–æ–π –Ω–∞—á–∏–Ω–∫–æ–π, ¬´–í–∞–Ω–∏–ª—å–Ω–∞—è –≤–∏—à–Ω—è¬ª, ¬´–í–∞–Ω–∏–ª—å–Ω—ã–π –º–∏–∫—Å —è–≥–æ–¥¬ª —Å –º–∞–ª–∏–Ω–æ–π –∏ –≥–æ–ª—É–±–∏–∫–æ–π, ¬´–í–∞–Ω–∏–ª—å–Ω—ã–µ —Ç—Ä–æ–ø–∏–∫–∏¬ª —Å –∫—É—Ä–¥–æ–º –º–∞–Ω–≥–æ-–º–∞—Ä–∞–∫—É–π—è, ¬´–ë–µ–ª—ã–π —Å–Ω–∏–∫–µ—Ä—Å¬ª —Å –¥–æ–º–∞—à–Ω–µ–π —Å–æ–ª—ë–Ω–æ–π –∫–∞—Ä–∞–º–µ–ª—å—é. –ò–∑ —à–æ–∫–æ–ª–∞–¥–Ω—ã—Ö ‚Äî ¬´–í–∏—à–Ω—è –≤ —à–æ–∫–æ–ª–∞–¥–µ¬ª, ¬´–®–æ–∫–æ–ª–∞–¥–Ω—ã–π –º–∏–∫—Å —è–≥–æ–¥¬ª, ¬´–°–Ω–∏–∫–µ—Ä—Å¬ª —Å –∞—Ä–∞—Ö–∏—Å–æ–º, ¬´–§–µ—Ä—Ä–µ—Ä–æ¬ª —Å —Ö—Ä—É—Å—Ç—è—â–µ–π –≤–∞—Ñ–ª–µ–π. –ò–∑ –∫–ª–∞—Å—Å–∏–∫–∏ —Ç–æ—Ä—Ç–æ–≤ –Ω–∞ –∑–∞–∫–∞–∑ ‚Äî ¬´–ö—Ä–∞—Å–Ω—ã–π –±–∞—Ä—Ö–∞—Ç¬ª –∏ –¥–æ–º–∞—à–Ω–∏–π ¬´–ú–µ–¥–æ–≤–∏–∫¬ª.","–ú–µ—Ä–µ–Ω–≥–æ–≤—ã–µ —Ä—É–ª–µ—Ç—ã –Ω–∞ –∑–∞–∫–∞–∑ —Å –¥–æ—Å—Ç–∞–≤–∫–æ–π –≤–æ –í—Å–µ–≤–æ–ª–æ–∂—Å–∫ –∏ –ø–∏—Ä–æ–∂–Ω–æ–µ –ü–∞–≤–ª–æ–≤–∞ ‚Äî –±–µ–∑–≥–ª—é—Ç–µ–Ω–æ–≤—ã–µ –¥–µ—Å–µ—Ä—Ç—ã —Å —Ö—Ä—É—Å—Ç—è—â–µ–π –º–µ—Ä–µ–Ω–≥–æ–π, –Ω–µ–∂–Ω—ã–º –∫—Ä–µ–º–æ–º –∏ —Å–≤–µ–∂–∏–º–∏ —è–≥–æ–¥–∞–º–∏. –ü—Ä–∏–Ω–∏–º–∞–µ–º –∑–∞–∫–∞–∑—ã –Ω–∞ —Ç–æ—Ä—Ç—ã –¥–ª—è –¥–Ω–µ–π —Ä–æ–∂–¥–µ–Ω–∏—è –≤–æ –í—Å–µ–≤–æ–ª–æ–∂—Å–∫–µ, —Å–≤–∞–¥–µ–±, –¥–µ—Ç—Å–∫–∏—Ö –ø—Ä–∞–∑–¥–Ω–∏–∫–æ–≤ –∏ –∫–æ—Ä–ø–æ—Ä–∞—Ç–∏–≤–æ–≤. –î–æ—Å—Ç–∞–≤–∫–∞ —Ç–æ—Ä—Ç–æ–≤ –≤–æ –í—Å–µ–≤–æ–ª–æ–∂—Å–∫ ‚Äî —Å–æ–±—Å—Ç–≤–µ–Ω–Ω–æ–π —Å–ª—É–∂–±–æ–π –∏–ª–∏ —á–µ—Ä–µ–∑ –Ø–Ω–¥–µ–∫—Å.–î–æ—Å—Ç–∞–≤–∫—É.",–¢–æ—Ä—Ç—ã –≤–æ –í—Å–µ–≤–æ–ª–æ–∂—Å–∫–µ|–¢–æ—Ä—Ç—ã –≤ –ö—É–¥—Ä–æ–≤–æ|–¢–æ—Ä—Ç—ã –≤ –ú—É—Ä–∏–Ω–æ|–¢–æ—Ä—Ç –Ω–∞ –¥–µ–Ω—å —Ä–æ–∂–¥–µ–Ω–∏—è –≤–æ –í—Å–µ–≤–æ–ª–æ–∂—Å–∫–µ|–¢–æ—Ä—Ç –Ω–∞ —Å–≤–∞–¥—å–±—É –≤–æ –í—Å–µ–≤–æ–ª–æ–∂—Å–∫–µ|–î–µ—Ç—Å–∫–∏–π —Ç–æ—Ä—Ç –≤–æ –í—Å–µ–≤–æ–ª–æ–∂—Å–∫|–ú–µ—Ä–µ–Ω–≥–æ–≤—ã–π —Ä—É–ª–µ—Ç –≤–æ –í—Å–µ–≤–æ–ª–æ–∂—Å–∫|–ë–µ–Ω—Ç–æ —Ç–æ—Ä—Ç –≤–æ –í—Å–µ–≤–æ–ª–æ–∂—Å–∫|–ü–∞–≤–ª–æ–≤–∞ –≤–æ –í—Å–µ–≤–æ–ª–æ–∂—Å–∫
